{
  "accuracy": 0.6931216931216931,
  "classification_report": {
    "REJECT": {
      "precision": 0.7085714285714285,
      "recall": 0.9612403100775194,
      "f1-score": 0.8157894736842105,
      "support": 129.0
    },
    "SHORTLIST": {
      "precision": 0.5,
      "recall": 0.16666666666666666,
      "f1-score": 0.25,
      "support": 42.0
    },
    "INTERVIEW": {
      "precision": 0.0,
      "recall": 0.0,
      "f1-score": 0.0,
      "support": 14.0
    },
    "ACCEPT": {
      "precision": 0.0,
      "recall": 0.0,
      "f1-score": 0.0,
      "support": 4.0
    },
    "accuracy": 0.6931216931216931,
    "macro avg": {
      "precision": 0.30214285714285716,
      "recall": 0.2819767441860465,
      "f1-score": 0.26644736842105265,
      "support": 189.0
    },
    "weighted avg": {
      "precision": 0.5947392290249433,
      "recall": 0.6931216931216931,
      "f1-score": 0.6123642439431912,
      "support": 189.0
    }
  },
  "confusion_matrix": [
    [
      124,
      5,
      0,
      0
    ],
    [
      35,
      7,
      0,
      0
    ],
    [
      13,
      1,
      0,
      0
    ],
    [
      3,
      1,
      0,
      0
    ]
  ],
  "training_samples": 755,
  "test_samples": 189,
  "feature_importance": {
    "Text Similarity": 0.255703542370497,
    "Experience Years": 0.11035237789409229,
    "Experience Ratio": 0.10917841199175683,
    "Meets Experience": 0.011435007164854294,
    "Skill Match Ratio": 0.0,
    "Skill Coverage": 0.0,
    "Total Skills": 0.14221950693920507,
    "Matching Skills": 0.0,
    "Education Level": 0.010150133628477252,
    "Certifications": 0.08112991026763337,
    "Industry Keywords": 0.12075284510574112,
    "Communication Score": 0.06427122364060865,
    "Achievements": 0.07182821415997936,
    "Languages": 0.007880759173231049,
    "Location Match": 0.015098067663923737
  }
}