{
  "accuracy": 0.6578947368421053,
  "classification_report": {
    "REJECT": {
      "precision": 0.6956521739130435,
      "recall": 0.9411764705882353,
      "f1-score": 0.8,
      "support": 51.0
    },
    "SHORTLIST": {
      "precision": 0.3333333333333333,
      "recall": 0.11764705882352941,
      "f1-score": 0.17391304347826086,
      "support": 17.0
    },
    "INTERVIEW": {
      "precision": 0.0,
      "recall": 0.0,
      "f1-score": 0.0,
      "support": 7.0
    },
    "ACCEPT": {
      "precision": 0.0,
      "recall": 0.0,
      "f1-score": 0.0,
      "support": 1.0
    },
    "accuracy": 0.6578947368421053,
    "macro avg": {
      "precision": 0.2572463768115942,
      "recall": 0.2647058823529412,
      "f1-score": 0.24347826086956523,
      "support": 76.0
    },
    "weighted avg": {
      "precision": 0.5413806254767353,
      "recall": 0.6578947368421053,
      "f1-score": 0.5757437070938216,
      "support": 76.0
    }
  },
  "confusion_matrix": [
    [
      48,
      2,
      1,
      0
    ],
    [
      15,
      2,
      0,
      0
    ],
    [
      6,
      1,
      0,
      0
    ],
    [
      0,
      1,
      0,
      0
    ]
  ],
  "training_samples": 302,
  "test_samples": 76,
  "feature_importance": {
    "Text Similarity": 0.24235516411412042,
    "Experience Years": 0.10668598025883567,
    "Experience Ratio": 0.1018369793865393,
    "Meets Experience": 0.011914940435886737,
    "Skill Match Ratio": 0.0,
    "Skill Coverage": 0.0,
    "Total Skills": 0.15538493651206775,
    "Matching Skills": 0.0,
    "Education Level": 0.01322945330221454,
    "Certifications": 0.07602661218175108,
    "Industry Keywords": 0.12638884597525846,
    "Communication Score": 0.06785729045510087,
    "Achievements": 0.07438836950149735,
    "Languages": 0.0034593268504490246,
    "Location Match": 0.020472101026278708
  }
}