2025-06-11 05:20:49,813 - INFO - ==================================================
2025-06-11 05:20:49,813 - INFO - Starting Recruitment AI Training Pipeline
2025-06-11 05:20:49,814 - INFO - ==================================================
2025-06-11 05:20:49,814 - INFO - Loading data from jobs
2025-06-11 05:20:50,570 - INFO - Loaded 4 CV samples
2025-06-11 05:20:50,572 - INFO - Stage distribution:
stage
REJECT       1
SHORTLIST    1
INTERVIEW    1
ACCEPT       1
Name: count, dtype: int64
2025-06-11 05:20:50,572 - INFO - Preparing features...
2025-06-11 05:20:50,587 - INFO - Feature shape: (4, 15)
2025-06-11 05:20:50,588 - INFO - Label distribution: [1 1 1 1]
2025-06-11 05:20:50,589 - INFO - Starting model training...
2025-06-11 05:20:50,590 - INFO - Minimum samples per class: 1
2025-06-11 05:20:50,590 - WARNING - Not enough samples for stratified split. Using regular split.
2025-06-11 05:20:50,591 - INFO - Training set: (3, 15), Test set: (1, 15)
2025-06-11 05:20:50,591 - INFO - Training ensemble models...
2025-06-11 05:21:39,684 - INFO - ==================================================
2025-06-11 05:21:39,684 - INFO - Starting Recruitment AI Training Pipeline
2025-06-11 05:21:39,684 - INFO - ==================================================
2025-06-11 05:21:39,685 - INFO - Loading data from jobs
2025-06-11 05:21:48,103 - INFO - Loaded 33 CV samples
2025-06-11 05:21:48,104 - INFO - Stage distribution:
stage
REJECT       17
SHORTLIST     9
INTERVIEW     6
ACCEPT        1
Name: count, dtype: int64
2025-06-11 05:21:48,105 - INFO - Preparing features...
2025-06-11 05:21:48,173 - INFO - Feature shape: (33, 15)
2025-06-11 05:21:48,174 - INFO - Label distribution: [17  9  6  1]
2025-06-11 05:21:48,174 - INFO - Starting model training...
2025-06-11 05:21:48,174 - INFO - Minimum samples per class: 1
2025-06-11 05:21:48,175 - WARNING - Not enough samples for stratified split. Using regular split.
2025-06-11 05:21:48,175 - INFO - Training set: (26, 15), Test set: (7, 15)
2025-06-11 05:21:48,176 - INFO - Training ensemble models...
2025-06-11 05:21:50,392 - INFO - Evaluating models...
2025-06-11 05:24:13,233 - INFO - ==================================================
2025-06-11 05:24:13,233 - INFO - Starting Recruitment AI Training Pipeline
2025-06-11 05:24:13,233 - INFO - ==================================================
2025-06-11 05:24:13,233 - INFO - Loading data from jobs
2025-06-11 05:24:21,759 - INFO - Loaded 33 CV samples
2025-06-11 05:24:21,761 - INFO - Stage distribution:
stage
REJECT       17
SHORTLIST     9
INTERVIEW     6
ACCEPT        1
Name: count, dtype: int64
2025-06-11 05:24:21,761 - INFO - Preparing features...
2025-06-11 05:24:21,829 - INFO - Feature shape: (33, 15)
2025-06-11 05:24:21,830 - INFO - Label distribution: [17  9  6  1]
2025-06-11 05:24:21,830 - INFO - Starting model training...
2025-06-11 05:24:21,830 - INFO - Minimum samples per class: 1
2025-06-11 05:24:21,830 - WARNING - Not enough samples for stratified split. Using regular split.
2025-06-11 05:24:21,831 - INFO - Training set: (26, 15), Test set: (7, 15)
2025-06-11 05:24:21,831 - INFO - Training ensemble models...
2025-06-11 05:24:24,040 - INFO - Evaluating models...
2025-06-11 05:24:24,054 - INFO - Classes found in data: [0 1 2]
2025-06-11 05:24:24,055 - INFO - Using stage names: ['REJECT', 'SHORTLIST', 'INTERVIEW']
2025-06-11 05:24:24,063 - INFO - 
Classification Report:
2025-06-11 05:24:24,068 - INFO -               precision    recall  f1-score   support

      REJECT       0.43      1.00      0.60         3
   SHORTLIST       0.00      0.00      0.00         2
   INTERVIEW       0.00      0.00      0.00         2

    accuracy                           0.43         7
   macro avg       0.14      0.33      0.20         7
weighted avg       0.18      0.43      0.26         7

2025-06-11 05:24:24,214 - INFO - Analyzing feature importance...
2025-06-11 05:24:24,227 - INFO - 
Top 10 Most Important Features:
2025-06-11 05:24:24,228 - INFO - 1. Text Similarity: 0.2148
2025-06-11 05:24:24,228 - INFO - 2. Industry Keywords: 0.2081
2025-06-11 05:24:24,228 - INFO - 3. Total Skills: 0.1324
2025-06-11 05:24:24,229 - INFO - 4. Experience Years: 0.1085
2025-06-11 05:24:24,229 - INFO - 5. Experience Ratio: 0.0975
2025-06-11 05:24:24,229 - INFO - 6. Achievements: 0.0572
2025-06-11 05:24:24,229 - INFO - 7. Communication Score: 0.0550
2025-06-11 05:24:24,229 - INFO - 8. Location Match: 0.0475
2025-06-11 05:24:24,230 - INFO - 9. Meets Experience: 0.0413
2025-06-11 05:24:24,230 - INFO - 10. Certifications: 0.0251
2025-06-11 05:24:24,330 - INFO - Saving results...
2025-06-11 05:24:24,423 - INFO - Results saved successfully!
2025-06-11 05:24:24,423 - INFO - ==================================================
2025-06-11 05:24:24,423 - INFO - Training completed successfully!
2025-06-11 05:24:24,424 - INFO - Overall accuracy: 42.86%
2025-06-11 05:24:24,424 - INFO - ==================================================
2025-06-11 05:26:46,419 - INFO - ==================================================
2025-06-11 05:26:46,419 - INFO - Starting Recruitment AI Training Pipeline
2025-06-11 05:26:46,420 - INFO - ==================================================
2025-06-11 05:26:46,420 - INFO - Loading data from jobs
2025-06-11 05:26:56,901 - WARNING - incorrect startxref pointer(1)
2025-06-11 05:27:42,815 - WARNING - incorrect startxref pointer(1)
2025-06-11 05:28:14,847 - WARNING - incorrect startxref pointer(1)
2025-06-11 05:28:33,345 - INFO - Loaded 431 CV samples
2025-06-11 05:28:33,347 - INFO - Stage distribution:
stage
REJECT       289
SHORTLIST     96
INTERVIEW     37
ACCEPT         9
Name: count, dtype: int64
2025-06-11 05:28:33,347 - INFO - Preparing features...
2025-06-11 05:28:34,190 - INFO - Feature shape: (431, 15)
2025-06-11 05:28:34,191 - INFO - Label distribution: [289  96  37   9]
2025-06-11 05:28:34,191 - INFO - Starting model training...
2025-06-11 05:28:34,191 - INFO - Minimum samples per class: 9
2025-06-11 05:28:34,193 - INFO - Training set: (344, 15), Test set: (87, 15)
2025-06-11 05:28:34,193 - INFO - Training ensemble models...
2025-06-11 05:28:38,212 - INFO - Evaluating models...
2025-06-11 05:28:38,263 - INFO - Classes found in data: [0 1 2 3]
2025-06-11 05:28:38,270 - INFO - Using stage names: ['REJECT', 'SHORTLIST', 'INTERVIEW', 'ACCEPT']
2025-06-11 05:28:38,275 - INFO - 
Classification Report:
2025-06-11 05:28:38,279 - INFO -               precision    recall  f1-score   support

      REJECT       0.69      0.98      0.81        58
   SHORTLIST       0.50      0.11      0.17        19
   INTERVIEW       0.00      0.00      0.00         8
      ACCEPT       0.00      0.00      0.00         2

    accuracy                           0.68        87
   macro avg       0.30      0.27      0.25        87
weighted avg       0.57      0.68      0.58        87

2025-06-11 05:28:38,418 - INFO - Analyzing feature importance...
2025-06-11 05:28:38,429 - INFO - 
Top 10 Most Important Features:
2025-06-11 05:28:38,430 - INFO - 1. Text Similarity: 0.2326
2025-06-11 05:28:38,430 - INFO - 2. Total Skills: 0.1349
2025-06-11 05:28:38,431 - INFO - 3. Industry Keywords: 0.1327
2025-06-11 05:28:38,431 - INFO - 4. Experience Ratio: 0.1045
2025-06-11 05:28:38,431 - INFO - 5. Experience Years: 0.1044
2025-06-11 05:28:38,431 - INFO - 6. Communication Score: 0.0907
2025-06-11 05:28:38,432 - INFO - 7. Certifications: 0.0776
2025-06-11 05:28:38,432 - INFO - 8. Achievements: 0.0549
2025-06-11 05:28:38,432 - INFO - 9. Education Level: 0.0235
2025-06-11 05:28:38,432 - INFO - 10. Location Match: 0.0202
2025-06-11 05:28:38,533 - INFO - Saving results...
2025-06-11 05:28:38,669 - INFO - Results saved successfully!
2025-06-11 05:28:38,669 - INFO - ==================================================
2025-06-11 05:28:38,670 - INFO - Training completed successfully!
2025-06-11 05:28:38,670 - INFO - Overall accuracy: 67.82%
2025-06-11 05:28:38,670 - INFO - ==================================================
2025-06-11 07:41:13,779 - INFO - ==================================================
2025-06-11 07:41:13,779 - INFO - Starting Recruitment AI Training Pipeline
2025-06-11 07:41:13,779 - INFO - ==================================================
2025-06-11 07:41:13,780 - INFO - Loading data from jobs
2025-06-11 07:50:22,023 - INFO - ==================================================
2025-06-11 07:50:22,023 - INFO - Starting Recruitment AI Training Pipeline
2025-06-11 07:50:22,023 - INFO - ==================================================
2025-06-11 07:50:22,024 - INFO - Loading data from jobs
2025-06-11 07:51:11,878 - INFO - Loaded 431 CV samples
2025-06-11 07:51:11,906 - INFO - Stage distribution:
stage
REJECT       289
SHORTLIST     96
INTERVIEW     37
ACCEPT         9
Name: count, dtype: int64
2025-06-11 07:51:11,906 - INFO - Preparing features...
2025-06-11 07:51:12,992 - INFO - Feature shape: (431, 15)
2025-06-11 07:51:12,992 - INFO - Label distribution: [289  96  37   9]
2025-06-11 07:51:12,993 - INFO - Starting model training...
2025-06-11 07:51:12,993 - INFO - Minimum samples per class: 9
2025-06-11 07:51:12,996 - INFO - Training set: (344, 15), Test set: (87, 15)
2025-06-11 07:51:12,997 - INFO - Training ensemble models...
2025-06-11 07:51:18,021 - INFO - Evaluating models...
2025-06-11 07:51:18,065 - INFO - Classes found in data: [0 1 2 3]
2025-06-11 07:51:18,071 - INFO - Using stage names: ['REJECT', 'SHORTLIST', 'INTERVIEW', 'ACCEPT']
2025-06-11 07:51:18,076 - INFO - 
Classification Report:
2025-06-11 07:51:18,080 - INFO -               precision    recall  f1-score   support

      REJECT       0.67      0.95      0.79        58
   SHORTLIST       0.00      0.00      0.00        19
   INTERVIEW       0.00      0.00      0.00         8
      ACCEPT       1.00      0.50      0.67         2

    accuracy                           0.64        87
   macro avg       0.42      0.36      0.36        87
weighted avg       0.47      0.64      0.54        87

2025-06-11 07:51:18,232 - INFO - Analyzing feature importance...
2025-06-11 07:51:18,243 - INFO - 
Top 10 Most Important Features:
2025-06-11 07:51:18,244 - INFO - 1. Text Similarity: 0.2404
2025-06-11 07:51:18,244 - INFO - 2. Total Skills: 0.1483
2025-06-11 07:51:18,244 - INFO - 3. Industry Keywords: 0.1390
2025-06-11 07:51:18,245 - INFO - 4. Experience Ratio: 0.1079
2025-06-11 07:51:18,245 - INFO - 5. Experience Years: 0.1070
2025-06-11 07:51:18,245 - INFO - 6. Certifications: 0.0803
2025-06-11 07:51:18,245 - INFO - 7. Communication Score: 0.0723
2025-06-11 07:51:18,246 - INFO - 8. Achievements: 0.0549
2025-06-11 07:51:18,246 - INFO - 9. Education Level: 0.0159
2025-06-11 07:51:18,246 - INFO - 10. Meets Experience: 0.0126
2025-06-11 07:51:18,347 - INFO - Saving results...
2025-06-11 07:51:18,519 - INFO - Results saved successfully!
2025-06-11 07:51:18,519 - INFO - ==================================================
2025-06-11 07:51:18,520 - INFO - Training completed successfully!
2025-06-11 07:51:18,520 - INFO - Overall accuracy: 64.37%
2025-06-11 07:51:18,520 - INFO - ==================================================
2025-06-11 07:54:45,483 - INFO - ==================================================
2025-06-11 07:54:45,484 - INFO - Starting Recruitment AI Training Pipeline
2025-06-11 07:54:45,484 - INFO - ==================================================
2025-06-11 07:54:45,485 - INFO - Loading data from jobs
2025-06-11 07:55:37,938 - INFO - Loaded 431 CV samples
2025-06-11 07:55:37,940 - INFO - Stage distribution:
stage
REJECT       289
SHORTLIST     96
INTERVIEW     37
ACCEPT         9
Name: count, dtype: int64
2025-06-11 07:55:37,940 - INFO - Preparing features...
2025-06-11 07:55:39,210 - INFO - Feature shape: (431, 15)
2025-06-11 07:55:39,211 - INFO - Label distribution: [289  96  37   9]
2025-06-11 07:55:39,211 - INFO - Starting model training...
2025-06-11 07:55:39,212 - INFO - Minimum samples per class: 9
2025-06-11 07:55:39,213 - INFO - Training set: (344, 15), Test set: (87, 15)
2025-06-11 07:55:39,213 - INFO - Training ensemble models...
2025-06-11 07:55:44,914 - INFO - Evaluating models...
2025-06-11 07:55:44,966 - INFO - Classes found in data: [0 1 2 3]
2025-06-11 07:55:44,969 - INFO - Using stage names: ['REJECT', 'SHORTLIST', 'INTERVIEW', 'ACCEPT']
2025-06-11 07:55:44,975 - INFO - 
Classification Report:
2025-06-11 07:55:44,979 - INFO -               precision    recall  f1-score   support

      REJECT       0.67      0.95      0.79        58
   SHORTLIST       0.00      0.00      0.00        19
   INTERVIEW       0.00      0.00      0.00         8
      ACCEPT       1.00      0.50      0.67         2

    accuracy                           0.64        87
   macro avg       0.42      0.36      0.36        87
weighted avg       0.47      0.64      0.54        87

2025-06-11 07:55:45,131 - INFO - Analyzing feature importance...
2025-06-11 07:55:45,143 - INFO - 
Top 10 Most Important Features:
2025-06-11 07:55:45,143 - INFO - 1. Text Similarity: 0.2404
2025-06-11 07:55:45,143 - INFO - 2. Total Skills: 0.1483
2025-06-11 07:55:45,143 - INFO - 3. Industry Keywords: 0.1390
2025-06-11 07:55:45,144 - INFO - 4. Experience Ratio: 0.1079
2025-06-11 07:55:45,144 - INFO - 5. Experience Years: 0.1070
2025-06-11 07:55:45,144 - INFO - 6. Certifications: 0.0803
2025-06-11 07:55:45,144 - INFO - 7. Communication Score: 0.0723
2025-06-11 07:55:45,144 - INFO - 8. Achievements: 0.0549
2025-06-11 07:55:45,144 - INFO - 9. Education Level: 0.0159
2025-06-11 07:55:45,145 - INFO - 10. Meets Experience: 0.0126
2025-06-11 07:55:45,366 - INFO - Saving results...
2025-06-11 07:55:45,581 - INFO - Results saved successfully!
2025-06-11 07:55:45,581 - INFO - ==================================================
2025-06-11 07:55:45,581 - INFO - Training completed successfully!
2025-06-11 07:55:45,581 - INFO - Overall accuracy: 64.37%
2025-06-11 07:55:45,582 - INFO - ==================================================
2025-06-11 07:58:20,354 - INFO - ==================================================
2025-06-11 07:58:20,354 - INFO - Starting Recruitment AI Training Pipeline
2025-06-11 07:58:20,355 - INFO - ==================================================
2025-06-11 07:58:20,355 - INFO - Loading data from jobs
2025-06-11 08:00:02,411 - INFO - ==================================================
2025-06-11 08:00:02,411 - INFO - Starting Recruitment AI Training Pipeline
2025-06-11 08:00:02,411 - INFO - ==================================================
2025-06-11 08:00:02,412 - INFO - Loading data from jobs
2025-06-11 08:00:55,648 - INFO - Loaded 270 CV samples
2025-06-11 08:00:55,650 - INFO - Stage distribution:
stage
REJECT       182
SHORTLIST     50
INTERVIEW     29
ACCEPT         9
Name: count, dtype: int64
2025-06-11 08:00:55,650 - INFO - Preparing features...
2025-06-11 08:00:56,619 - INFO - Feature shape: (270, 15)
2025-06-11 08:00:56,620 - INFO - Label distribution: [182  50  29   9]
2025-06-11 08:00:56,621 - INFO - Starting model training...
2025-06-11 08:00:56,621 - INFO - Minimum samples per class: 9
2025-06-11 08:00:56,622 - INFO - Training set: (216, 15), Test set: (54, 15)
2025-06-11 08:00:56,622 - INFO - Training ensemble models...
2025-06-11 08:01:00,617 - INFO - Evaluating models...
2025-06-11 08:01:00,676 - INFO - Classes found in data: [0 1 2 3]
2025-06-11 08:01:00,677 - INFO - Using stage names: ['REJECT', 'SHORTLIST', 'INTERVIEW', 'ACCEPT']
2025-06-11 08:01:00,691 - INFO - 
Classification Report:
2025-06-11 08:01:00,696 - INFO -               precision    recall  f1-score   support

      REJECT       0.68      0.94      0.79        36
   SHORTLIST       0.00      0.00      0.00        10
   INTERVIEW       0.00      0.00      0.00         6
      ACCEPT       0.00      0.00      0.00         2

    accuracy                           0.63        54
   macro avg       0.17      0.24      0.20        54
weighted avg       0.45      0.63      0.53        54

2025-06-11 08:01:00,846 - INFO - Analyzing feature importance...
2025-06-11 08:01:00,858 - INFO - 
Top 10 Most Important Features:
2025-06-11 08:01:00,859 - INFO - 1. Text Similarity: 0.2357
2025-06-11 08:01:00,859 - INFO - 2. Total Skills: 0.1500
2025-06-11 08:01:00,859 - INFO - 3. Industry Keywords: 0.1396
2025-06-11 08:01:00,859 - INFO - 4. Experience Ratio: 0.1198
2025-06-11 08:01:00,860 - INFO - 5. Experience Years: 0.1189
2025-06-11 08:01:00,860 - INFO - 6. Certifications: 0.0772
2025-06-11 08:01:00,860 - INFO - 7. Communication Score: 0.0762
2025-06-11 08:01:00,860 - INFO - 8. Achievements: 0.0474
2025-06-11 08:01:00,861 - INFO - 9. Education Level: 0.0173
2025-06-11 08:01:00,861 - INFO - 10. Meets Experience: 0.0098
2025-06-11 08:01:00,965 - INFO - Saving results...
2025-06-11 08:01:01,161 - INFO - Results saved successfully!
2025-06-11 08:01:01,162 - INFO - ==================================================
2025-06-11 08:01:01,162 - INFO - Training completed successfully!
2025-06-11 08:01:01,162 - INFO - Overall accuracy: 62.96%
2025-06-11 08:01:01,162 - INFO - ==================================================
2025-06-12 01:47:22,459 - INFO - ==================================================
2025-06-12 01:47:22,459 - INFO - Starting Recruitment AI Training Pipeline
2025-06-12 01:47:22,460 - INFO - ==================================================
2025-06-12 01:47:22,460 - INFO - Loading data from jobs
2025-06-12 01:48:07,552 - INFO - Loaded 234 CV samples
2025-06-12 01:48:07,557 - INFO - Stage distribution:
stage
REJECT       156
SHORTLIST     44
INTERVIEW     27
ACCEPT         7
Name: count, dtype: int64
2025-06-12 01:48:07,558 - INFO - Preparing features...
2025-06-12 01:48:08,356 - INFO - Feature shape: (234, 15)
2025-06-12 01:48:08,357 - INFO - Label distribution: [156  44  27   7]
2025-06-12 01:48:08,358 - INFO - Starting model training...
2025-06-12 01:48:08,358 - INFO - Minimum samples per class: 7
2025-06-12 01:48:08,360 - INFO - Training set: (187, 15), Test set: (47, 15)
2025-06-12 01:48:08,361 - INFO - Training ensemble models...
2025-06-12 01:48:11,637 - INFO - Evaluating models...
2025-06-12 01:48:11,695 - INFO - Classes found in data: [0 1 2 3]
2025-06-12 01:48:11,702 - INFO - Using stage names: ['REJECT', 'SHORTLIST', 'INTERVIEW', 'ACCEPT']
2025-06-12 01:48:11,708 - INFO - 
Classification Report:
2025-06-12 01:48:11,712 - INFO -               precision    recall  f1-score   support

      REJECT       0.68      0.84      0.75        31
   SHORTLIST       0.43      0.33      0.38         9
   INTERVIEW       0.00      0.00      0.00         6
      ACCEPT       0.00      0.00      0.00         1

    accuracy                           0.62        47
   macro avg       0.28      0.29      0.28        47
weighted avg       0.53      0.62      0.57        47

2025-06-12 01:48:11,872 - INFO - Analyzing feature importance...
2025-06-12 01:48:11,883 - INFO - 
Top 10 Most Important Features:
2025-06-12 01:48:11,884 - INFO - 1. Text Similarity: 0.2328
2025-06-12 01:48:11,884 - INFO - 2. Total Skills: 0.1632
2025-06-12 01:48:11,884 - INFO - 3. Industry Keywords: 0.1456
2025-06-12 01:48:11,885 - INFO - 4. Experience Ratio: 0.1138
2025-06-12 01:48:11,885 - INFO - 5. Experience Years: 0.1070
2025-06-12 01:48:11,885 - INFO - 6. Certifications: 0.0768
2025-06-12 01:48:11,885 - INFO - 7. Communication Score: 0.0748
2025-06-12 01:48:11,886 - INFO - 8. Achievements: 0.0497
2025-06-12 01:48:11,886 - INFO - 9. Education Level: 0.0163
2025-06-12 01:48:11,886 - INFO - 10. Meets Experience: 0.0120
2025-06-12 01:48:11,990 - INFO - Saving results...
2025-06-12 01:48:12,212 - INFO - Results saved successfully!
2025-06-12 01:48:12,212 - INFO - ==================================================
2025-06-12 01:48:12,212 - INFO - Training completed successfully!
2025-06-12 01:48:12,213 - INFO - Overall accuracy: 61.70%
2025-06-12 01:48:12,213 - INFO - ==================================================
2025-06-12 01:51:51,082 - INFO - ==================================================
2025-06-12 01:51:51,082 - INFO - Starting Recruitment AI Training Pipeline
2025-06-12 01:51:51,083 - INFO - ==================================================
2025-06-12 01:51:51,083 - INFO - Loading data from jobs
2025-06-12 01:52:31,974 - INFO - Loaded 234 CV samples
2025-06-12 01:52:31,975 - INFO - Stage distribution:
stage
REJECT       156
SHORTLIST     44
INTERVIEW     27
ACCEPT         7
Name: count, dtype: int64
2025-06-12 01:52:31,975 - INFO - Preparing features...
2025-06-12 01:52:32,765 - INFO - Feature shape: (234, 15)
2025-06-12 01:52:32,766 - INFO - Label distribution: [156  44  27   7]
2025-06-12 01:52:32,767 - INFO - Starting model training...
2025-06-12 01:52:32,767 - INFO - Minimum samples per class: 7
2025-06-12 01:52:32,768 - INFO - Training set: (187, 15), Test set: (47, 15)
2025-06-12 01:52:32,769 - INFO - Training ensemble models...
2025-06-12 01:52:36,149 - INFO - Evaluating models...
2025-06-12 01:52:36,207 - INFO - Classes found in data: [0 1 2 3]
2025-06-12 01:52:36,210 - INFO - Using stage names: ['REJECT', 'SHORTLIST', 'INTERVIEW', 'ACCEPT']
2025-06-12 01:52:36,218 - INFO - 
Classification Report:
2025-06-12 01:52:36,221 - INFO -               precision    recall  f1-score   support

      REJECT       0.67      0.84      0.74        31
   SHORTLIST       0.20      0.11      0.14         9
   INTERVIEW       0.00      0.00      0.00         6
      ACCEPT       0.00      0.00      0.00         1

    accuracy                           0.57        47
   macro avg       0.22      0.24      0.22        47
weighted avg       0.48      0.57      0.52        47

2025-06-12 01:52:36,357 - INFO - Analyzing feature importance...
2025-06-12 01:52:36,369 - INFO - 
Top 10 Most Important Features:
2025-06-12 01:52:36,370 - INFO - 1. Text Similarity: 0.2326
2025-06-12 01:52:36,370 - INFO - 2. Total Skills: 0.1633
2025-06-12 01:52:36,370 - INFO - 3. Industry Keywords: 0.1450
2025-06-12 01:52:36,371 - INFO - 4. Experience Ratio: 0.1139
2025-06-12 01:52:36,371 - INFO - 5. Experience Years: 0.1070
2025-06-12 01:52:36,371 - INFO - 6. Certifications: 0.0769
2025-06-12 01:52:36,371 - INFO - 7. Communication Score: 0.0747
2025-06-12 01:52:36,371 - INFO - 8. Achievements: 0.0499
2025-06-12 01:52:36,372 - INFO - 9. Education Level: 0.0163
2025-06-12 01:52:36,372 - INFO - 10. Meets Experience: 0.0121
2025-06-12 01:52:36,469 - INFO - Saving results...
2025-06-12 01:52:36,729 - INFO - Results saved successfully!
2025-06-12 01:52:36,729 - INFO - ==================================================
2025-06-12 01:52:36,730 - INFO - Training completed successfully!
2025-06-12 01:52:36,730 - INFO - Overall accuracy: 57.45%
2025-06-12 01:52:36,730 - INFO - ==================================================
2025-06-12 02:02:43,657 - INFO - ==================================================
2025-06-12 02:02:43,657 - INFO - Starting Recruitment AI Training Pipeline
2025-06-12 02:02:43,657 - INFO - ==================================================
2025-06-12 02:02:43,658 - INFO - Loading data from jobs
2025-06-12 02:03:29,206 - INFO - Loaded 234 CV samples
2025-06-12 02:03:29,207 - INFO - Stage distribution:
stage
REJECT       156
SHORTLIST     44
INTERVIEW     27
ACCEPT         7
Name: count, dtype: int64
2025-06-12 02:03:29,208 - INFO - Preparing features...
2025-06-12 02:03:30,032 - INFO - Feature shape: (234, 15)
2025-06-12 02:03:30,033 - INFO - Label distribution: [156  44  27   7]
2025-06-12 02:03:30,033 - INFO - Starting model training...
2025-06-12 02:03:30,034 - INFO - Minimum samples per class: 7
2025-06-12 02:03:30,035 - INFO - Training set: (187, 15), Test set: (47, 15)
2025-06-12 02:03:30,035 - INFO - Training ensemble models...
2025-06-12 02:03:33,412 - INFO - Evaluating models...
2025-06-12 02:03:33,455 - INFO - Classes found in data: [0 1 2 3]
2025-06-12 02:03:33,462 - INFO - Using stage names: ['REJECT', 'SHORTLIST', 'INTERVIEW', 'ACCEPT']
2025-06-12 02:03:33,466 - INFO - 
Classification Report:
2025-06-12 02:03:33,470 - INFO -               precision    recall  f1-score   support

      REJECT       0.65      0.84      0.73        31
   SHORTLIST       0.20      0.11      0.14         9
   INTERVIEW       0.00      0.00      0.00         6
      ACCEPT       0.00      0.00      0.00         1

    accuracy                           0.57        47
   macro avg       0.21      0.24      0.22        47
weighted avg       0.47      0.57      0.51        47

2025-06-12 02:03:33,607 - INFO - Analyzing feature importance...
2025-06-12 02:03:33,618 - INFO - 
Top 10 Most Important Features:
2025-06-12 02:03:33,618 - INFO - 1. Text Similarity: 0.2325
2025-06-12 02:03:33,618 - INFO - 2. Total Skills: 0.1628
2025-06-12 02:03:33,618 - INFO - 3. Industry Keywords: 0.1450
2025-06-12 02:03:33,619 - INFO - 4. Experience Ratio: 0.1138
2025-06-12 02:03:33,619 - INFO - 5. Experience Years: 0.1073
2025-06-12 02:03:33,619 - INFO - 6. Certifications: 0.0769
2025-06-12 02:03:33,619 - INFO - 7. Communication Score: 0.0747
2025-06-12 02:03:33,620 - INFO - 8. Achievements: 0.0501
2025-06-12 02:03:33,620 - INFO - 9. Education Level: 0.0165
2025-06-12 02:03:33,620 - INFO - 10. Meets Experience: 0.0121
2025-06-12 02:03:33,719 - INFO - Saving results...
2025-06-12 02:03:33,891 - INFO - Results saved successfully!
2025-06-12 02:03:33,891 - INFO - ==================================================
2025-06-12 02:03:33,891 - INFO - Training completed successfully!
2025-06-12 02:03:33,892 - INFO - Overall accuracy: 57.45%
2025-06-12 02:03:33,892 - INFO - ==================================================
2025-06-12 02:05:02,341 - INFO - ==================================================
2025-06-12 02:05:02,342 - INFO - Starting Recruitment AI Training Pipeline
2025-06-12 02:05:02,342 - INFO - ==================================================
2025-06-12 02:05:02,342 - INFO - Loading data from jobs
2025-06-12 02:05:47,346 - INFO - Loaded 234 CV samples
2025-06-12 02:05:47,348 - INFO - Stage distribution:
stage
REJECT       156
SHORTLIST     44
INTERVIEW     27
ACCEPT         7
Name: count, dtype: int64
2025-06-12 02:05:47,348 - INFO - Preparing features...
2025-06-12 02:05:48,167 - INFO - Feature shape: (234, 15)
2025-06-12 02:05:48,168 - INFO - Label distribution: [156  44  27   7]
2025-06-12 02:05:48,168 - INFO - Starting model training...
2025-06-12 02:05:48,168 - INFO - Minimum samples per class: 7
2025-06-12 02:05:48,170 - INFO - Training set: (187, 15), Test set: (47, 15)
2025-06-12 02:05:48,170 - INFO - Training ensemble models...
2025-06-12 02:05:51,528 - INFO - Evaluating models...
2025-06-12 02:05:51,571 - INFO - Classes found in data: [0 1 2 3]
2025-06-12 02:05:51,578 - INFO - Using stage names: ['REJECT', 'SHORTLIST', 'INTERVIEW', 'ACCEPT']
2025-06-12 02:05:51,583 - INFO - 
Classification Report:
2025-06-12 02:05:51,587 - INFO -               precision    recall  f1-score   support

      REJECT       0.65      0.84      0.73        31
   SHORTLIST       0.20      0.11      0.14         9
   INTERVIEW       0.00      0.00      0.00         6
      ACCEPT       0.00      0.00      0.00         1

    accuracy                           0.57        47
   macro avg       0.21      0.24      0.22        47
weighted avg       0.47      0.57      0.51        47

2025-06-12 02:05:51,726 - INFO - Analyzing feature importance...
2025-06-12 02:05:51,736 - INFO - 
Top 10 Most Important Features:
2025-06-12 02:05:51,737 - INFO - 1. Text Similarity: 0.2325
2025-06-12 02:05:51,737 - INFO - 2. Total Skills: 0.1628
2025-06-12 02:05:51,737 - INFO - 3. Industry Keywords: 0.1450
2025-06-12 02:05:51,738 - INFO - 4. Experience Ratio: 0.1138
2025-06-12 02:05:51,738 - INFO - 5. Experience Years: 0.1073
2025-06-12 02:05:51,738 - INFO - 6. Certifications: 0.0769
2025-06-12 02:05:51,738 - INFO - 7. Communication Score: 0.0747
2025-06-12 02:05:51,738 - INFO - 8. Achievements: 0.0501
2025-06-12 02:05:51,739 - INFO - 9. Education Level: 0.0165
2025-06-12 02:05:51,739 - INFO - 10. Meets Experience: 0.0121
2025-06-12 02:05:51,837 - INFO - Saving results...
2025-06-12 02:05:51,996 - INFO - Results saved successfully!
2025-06-12 02:05:51,996 - INFO - ==================================================
2025-06-12 02:05:51,996 - INFO - Training completed successfully!
2025-06-12 02:05:51,996 - INFO - Overall accuracy: 57.45%
2025-06-12 02:05:51,997 - INFO - ==================================================
2025-06-12 02:08:28,598 - INFO - ==================================================
2025-06-12 02:08:28,599 - INFO - Starting Recruitment AI Training Pipeline
2025-06-12 02:08:28,599 - INFO - ==================================================
2025-06-12 02:08:28,600 - INFO - Loading data from jobs
2025-06-12 02:09:13,970 - INFO - Loaded 234 CV samples
2025-06-12 02:09:13,971 - INFO - Stage distribution:
stage
REJECT       156
SHORTLIST     44
INTERVIEW     27
ACCEPT         7
Name: count, dtype: int64
2025-06-12 02:09:13,971 - INFO - Preparing features...
2025-06-12 02:09:14,760 - INFO - Feature shape: (234, 15)
2025-06-12 02:09:14,761 - INFO - Label distribution: [156  44  27   7]
2025-06-12 02:09:14,761 - INFO - Starting model training...
2025-06-12 02:09:14,761 - INFO - Minimum samples per class: 7
2025-06-12 02:09:14,763 - INFO - Training set: (187, 15), Test set: (47, 15)
2025-06-12 02:09:14,763 - INFO - Training ensemble models...
2025-06-12 02:09:17,963 - INFO - Evaluating models...
2025-06-12 02:09:18,019 - INFO - Classes found in data: [0 1 2 3]
2025-06-12 02:09:18,026 - INFO - Using stage names: ['REJECT', 'SHORTLIST', 'INTERVIEW', 'ACCEPT']
2025-06-12 02:09:18,030 - INFO - 
Classification Report:
2025-06-12 02:09:18,035 - INFO -               precision    recall  f1-score   support

      REJECT       0.65      0.84      0.73        31
   SHORTLIST       0.20      0.11      0.14         9
   INTERVIEW       0.00      0.00      0.00         6
      ACCEPT       0.00      0.00      0.00         1

    accuracy                           0.57        47
   macro avg       0.21      0.24      0.22        47
weighted avg       0.47      0.57      0.51        47

2025-06-12 02:09:18,172 - INFO - Analyzing feature importance...
2025-06-12 02:09:18,183 - INFO - 
Top 10 Most Important Features:
2025-06-12 02:09:18,183 - INFO - 1. Text Similarity: 0.2325
2025-06-12 02:09:18,184 - INFO - 2. Total Skills: 0.1628
2025-06-12 02:09:18,184 - INFO - 3. Industry Keywords: 0.1450
2025-06-12 02:09:18,184 - INFO - 4. Experience Ratio: 0.1138
2025-06-12 02:09:18,185 - INFO - 5. Experience Years: 0.1073
2025-06-12 02:09:18,185 - INFO - 6. Certifications: 0.0769
2025-06-12 02:09:18,185 - INFO - 7. Communication Score: 0.0747
2025-06-12 02:09:18,185 - INFO - 8. Achievements: 0.0501
2025-06-12 02:09:18,185 - INFO - 9. Education Level: 0.0165
2025-06-12 02:09:18,186 - INFO - 10. Meets Experience: 0.0121
2025-06-12 02:09:18,279 - INFO - Saving results...
2025-06-12 02:09:18,436 - INFO - Results saved successfully!
2025-06-12 02:09:18,436 - INFO - ==================================================
2025-06-12 02:09:18,437 - INFO - Training completed successfully!
2025-06-12 02:09:18,437 - INFO - Overall accuracy: 57.45%
2025-06-12 02:09:18,437 - INFO - ==================================================
2025-06-12 02:11:02,470 - INFO - ==================================================
2025-06-12 02:11:02,471 - INFO - Starting Recruitment AI Training Pipeline
2025-06-12 02:11:02,471 - INFO - ==================================================
2025-06-12 02:11:02,471 - INFO - Loading data from jobs
2025-06-12 02:13:34,279 - INFO - Loaded 376 CV samples
2025-06-12 02:13:34,280 - INFO - Stage distribution:
stage
REJECT       250
SHORTLIST     85
INTERVIEW     34
ACCEPT         7
Name: count, dtype: int64
2025-06-12 02:13:34,280 - INFO - Preparing features...
2025-06-12 02:13:35,748 - INFO - Feature shape: (376, 15)
2025-06-12 02:13:35,749 - INFO - Label distribution: [250  85  34   7]
2025-06-12 02:13:35,749 - INFO - Starting model training...
2025-06-12 02:13:35,750 - INFO - Minimum samples per class: 7
2025-06-12 02:13:35,751 - INFO - Training set: (300, 15), Test set: (76, 15)
2025-06-12 02:13:35,751 - INFO - Training ensemble models...
2025-06-12 02:13:39,796 - INFO - Evaluating models...
2025-06-12 02:13:39,855 - INFO - Classes found in data: [0 1 2 3]
2025-06-12 02:13:39,858 - INFO - Using stage names: ['REJECT', 'SHORTLIST', 'INTERVIEW', 'ACCEPT']
2025-06-12 02:13:39,868 - INFO - 
Classification Report:
2025-06-12 02:13:39,872 - INFO -               precision    recall  f1-score   support

      REJECT       0.68      0.84      0.75        51
   SHORTLIST       0.30      0.18      0.22        17
   INTERVIEW       0.00      0.00      0.00         7
      ACCEPT       0.00      0.00      0.00         1

    accuracy                           0.61        76
   macro avg       0.25      0.25      0.24        76
weighted avg       0.53      0.61      0.56        76

2025-06-12 02:13:40,017 - INFO - Analyzing feature importance...
2025-06-12 02:13:40,028 - INFO - 
Top 10 Most Important Features:
2025-06-12 02:13:40,028 - INFO - 1. Text Similarity: 0.2355
2025-06-12 02:13:40,029 - INFO - 2. Total Skills: 0.1527
2025-06-12 02:13:40,029 - INFO - 3. Industry Keywords: 0.1268
2025-06-12 02:13:40,029 - INFO - 4. Experience Years: 0.1173
2025-06-12 02:13:40,030 - INFO - 5. Experience Ratio: 0.1157
2025-06-12 02:13:40,030 - INFO - 6. Certifications: 0.0841
2025-06-12 02:13:40,030 - INFO - 7. Communication Score: 0.0725
2025-06-12 02:13:40,030 - INFO - 8. Achievements: 0.0495
2025-06-12 02:13:40,030 - INFO - 9. Education Level: 0.0225
2025-06-12 02:13:40,030 - INFO - 10. Meets Experience: 0.0103
2025-06-12 02:13:40,125 - INFO - Saving results...
2025-06-12 02:13:40,300 - INFO - Results saved successfully!
2025-06-12 02:13:40,300 - INFO - ==================================================
2025-06-12 02:13:40,301 - INFO - Training completed successfully!
2025-06-12 02:13:40,301 - INFO - Overall accuracy: 60.53%
2025-06-12 02:13:40,301 - INFO - ==================================================
2025-06-12 02:16:12,834 - INFO - ==================================================
2025-06-12 02:16:12,835 - INFO - Starting Recruitment AI Training Pipeline
2025-06-12 02:16:12,835 - INFO - ==================================================
2025-06-12 02:16:12,835 - INFO - Loading data from jobs
2025-06-12 02:18:49,263 - INFO - Loaded 376 CV samples
2025-06-12 02:18:49,264 - INFO - Stage distribution:
stage
REJECT       250
SHORTLIST     85
INTERVIEW     34
ACCEPT         7
Name: count, dtype: int64
2025-06-12 02:18:49,265 - INFO - Preparing features...
2025-06-12 02:18:50,801 - INFO - Feature shape: (376, 15)
2025-06-12 02:18:50,801 - INFO - Label distribution: [250  85  34   7]
2025-06-12 02:18:50,802 - INFO - Starting model training...
2025-06-12 02:18:50,802 - INFO - Minimum samples per class: 7
2025-06-12 02:18:50,803 - INFO - Training set: (300, 15), Test set: (76, 15)
2025-06-12 02:18:50,803 - INFO - Training ensemble models...
2025-06-12 02:18:54,950 - INFO - Evaluating models...
2025-06-12 02:18:55,007 - INFO - Classes found in data: [0 1 2 3]
2025-06-12 02:18:55,008 - INFO - Using stage names: ['REJECT', 'SHORTLIST', 'INTERVIEW', 'ACCEPT']
2025-06-12 02:18:55,019 - INFO - 
Classification Report:
2025-06-12 02:18:55,023 - INFO -               precision    recall  f1-score   support

      REJECT       0.68      0.84      0.75        51
   SHORTLIST       0.30      0.18      0.22        17
   INTERVIEW       0.00      0.00      0.00         7
      ACCEPT       0.00      0.00      0.00         1

    accuracy                           0.61        76
   macro avg       0.25      0.25      0.24        76
weighted avg       0.53      0.61      0.56        76

2025-06-12 02:18:55,168 - INFO - Analyzing feature importance...
2025-06-12 02:18:55,181 - INFO - 
Top 10 Most Important Features:
2025-06-12 02:18:55,181 - INFO - 1. Text Similarity: 0.2355
2025-06-12 02:18:55,181 - INFO - 2. Total Skills: 0.1527
2025-06-12 02:18:55,182 - INFO - 3. Industry Keywords: 0.1268
2025-06-12 02:18:55,182 - INFO - 4. Experience Years: 0.1173
2025-06-12 02:18:55,182 - INFO - 5. Experience Ratio: 0.1157
2025-06-12 02:18:55,182 - INFO - 6. Certifications: 0.0841
2025-06-12 02:18:55,183 - INFO - 7. Communication Score: 0.0725
2025-06-12 02:18:55,183 - INFO - 8. Achievements: 0.0495
2025-06-12 02:18:55,183 - INFO - 9. Education Level: 0.0225
2025-06-12 02:18:55,183 - INFO - 10. Meets Experience: 0.0103
2025-06-12 02:18:55,280 - INFO - Saving results...
2025-06-12 02:18:55,491 - INFO - Results saved successfully!
2025-06-12 02:18:55,492 - INFO - ==================================================
2025-06-12 02:18:55,492 - INFO - Training completed successfully!
2025-06-12 02:18:55,492 - INFO - Overall accuracy: 60.53%
2025-06-12 02:18:55,492 - INFO - ==================================================
2025-06-12 02:21:27,663 - INFO - ==================================================
2025-06-12 02:21:27,664 - INFO - Starting Recruitment AI Training Pipeline
2025-06-12 02:21:27,664 - INFO - ==================================================
2025-06-12 02:21:27,664 - INFO - Loading data from jobs
2025-06-12 02:22:13,245 - INFO - Loaded 378 CV samples
2025-06-12 02:22:13,246 - INFO - Stage distribution:
stage
REJECT       252
SHORTLIST     85
INTERVIEW     34
ACCEPT         7
Name: count, dtype: int64
2025-06-12 02:22:13,246 - INFO - Preparing features...
2025-06-12 02:22:14,549 - INFO - Feature shape: (378, 15)
2025-06-12 02:22:14,550 - INFO - Label distribution: [252  85  34   7]
2025-06-12 02:22:14,550 - INFO - Starting model training...
2025-06-12 02:22:14,551 - INFO - Minimum samples per class: 7
2025-06-12 02:22:14,552 - INFO - Training set: (302, 15), Test set: (76, 15)
2025-06-12 02:22:14,552 - INFO - Training ensemble models...
2025-06-12 02:22:18,749 - INFO - Evaluating models...
2025-06-12 02:22:18,803 - INFO - Classes found in data: [0 1 2 3]
2025-06-12 02:22:18,810 - INFO - Using stage names: ['REJECT', 'SHORTLIST', 'INTERVIEW', 'ACCEPT']
2025-06-12 02:22:18,817 - INFO - 
Classification Report:
2025-06-12 02:22:18,821 - INFO -               precision    recall  f1-score   support

      REJECT       0.70      0.94      0.80        51
   SHORTLIST       0.33      0.12      0.17        17
   INTERVIEW       0.00      0.00      0.00         7
      ACCEPT       0.00      0.00      0.00         1

    accuracy                           0.66        76
   macro avg       0.26      0.26      0.24        76
weighted avg       0.54      0.66      0.58        76

2025-06-12 02:22:18,965 - INFO - Analyzing feature importance...
2025-06-12 02:22:18,978 - INFO - 
Top 10 Most Important Features:
2025-06-12 02:22:18,978 - INFO - 1. Text Similarity: 0.2424
2025-06-12 02:22:18,978 - INFO - 2. Total Skills: 0.1554
2025-06-12 02:22:18,979 - INFO - 3. Industry Keywords: 0.1264
2025-06-12 02:22:18,979 - INFO - 4. Experience Years: 0.1067
2025-06-12 02:22:18,979 - INFO - 5. Experience Ratio: 0.1018
2025-06-12 02:22:18,979 - INFO - 6. Certifications: 0.0760
2025-06-12 02:22:18,979 - INFO - 7. Achievements: 0.0744
2025-06-12 02:22:18,980 - INFO - 8. Communication Score: 0.0679
2025-06-12 02:22:18,980 - INFO - 9. Location Match: 0.0205
2025-06-12 02:22:18,980 - INFO - 10. Education Level: 0.0132
2025-06-12 02:22:19,077 - INFO - Saving results...
2025-06-12 02:22:19,279 - INFO - Results saved successfully!
2025-06-12 02:22:19,279 - INFO - ==================================================
2025-06-12 02:22:19,280 - INFO - Training completed successfully!
2025-06-12 02:22:19,280 - INFO - Overall accuracy: 65.79%
2025-06-12 02:22:19,280 - INFO - ==================================================
2025-06-12 02:51:02,319 - INFO - ==================================================
2025-06-12 02:51:02,320 - INFO - Starting Recruitment AI Training Pipeline
2025-06-12 02:51:02,320 - INFO - ==================================================
2025-06-12 02:51:02,320 - INFO - Loading data from jobs
2025-06-12 02:51:47,636 - INFO - Loaded 378 CV samples
2025-06-12 02:51:47,664 - INFO - Stage distribution:
stage
REJECT       252
SHORTLIST     85
INTERVIEW     34
ACCEPT         7
Name: count, dtype: int64
2025-06-12 02:51:47,664 - INFO - Preparing features...
2025-06-12 02:51:48,947 - INFO - Feature shape: (378, 15)
2025-06-12 02:51:48,947 - INFO - Label distribution: [252  85  34   7]
2025-06-12 02:51:48,948 - INFO - Starting model training...
2025-06-12 02:51:48,948 - INFO - Minimum samples per class: 7
2025-06-12 02:51:48,950 - INFO - Training set: (302, 15), Test set: (76, 15)
2025-06-12 02:51:48,951 - INFO - Training ensemble models...
2025-06-12 02:51:53,041 - INFO - Evaluating models...
2025-06-12 02:51:53,099 - INFO - Classes found in data: [0 1 2 3]
2025-06-12 02:51:53,106 - INFO - Using stage names: ['REJECT', 'SHORTLIST', 'INTERVIEW', 'ACCEPT']
2025-06-12 02:51:53,113 - INFO - 
Classification Report:
2025-06-12 02:51:53,117 - INFO -               precision    recall  f1-score   support

      REJECT       0.70      0.94      0.80        51
   SHORTLIST       0.33      0.12      0.17        17
   INTERVIEW       0.00      0.00      0.00         7
      ACCEPT       0.00      0.00      0.00         1

    accuracy                           0.66        76
   macro avg       0.26      0.26      0.24        76
weighted avg       0.54      0.66      0.58        76

2025-06-12 02:51:53,373 - INFO - Analyzing feature importance...
2025-06-12 02:51:53,384 - INFO - 
Top 10 Most Important Features:
2025-06-12 02:51:53,385 - INFO - 1. Text Similarity: 0.2424
2025-06-12 02:51:53,385 - INFO - 2. Total Skills: 0.1554
2025-06-12 02:51:53,385 - INFO - 3. Industry Keywords: 0.1264
2025-06-12 02:51:53,386 - INFO - 4. Experience Years: 0.1067
2025-06-12 02:51:53,386 - INFO - 5. Experience Ratio: 0.1018
2025-06-12 02:51:53,386 - INFO - 6. Certifications: 0.0760
2025-06-12 02:51:53,386 - INFO - 7. Achievements: 0.0744
2025-06-12 02:51:53,386 - INFO - 8. Communication Score: 0.0679
2025-06-12 02:51:53,387 - INFO - 9. Location Match: 0.0205
2025-06-12 02:51:53,387 - INFO - 10. Education Level: 0.0132
2025-06-12 02:51:53,485 - INFO - Saving results...
2025-06-12 02:51:53,664 - INFO - Results saved successfully!
2025-06-12 02:51:53,664 - INFO - ==================================================
2025-06-12 02:51:53,664 - INFO - Training completed successfully!
2025-06-12 02:51:53,664 - INFO - Overall accuracy: 65.79%
2025-06-12 02:51:53,664 - INFO - ==================================================
2025-06-12 05:14:21,809 - INFO - ==================================================
2025-06-12 05:14:21,809 - INFO - Starting Recruitment AI Training Pipeline
2025-06-12 05:14:21,809 - INFO - ==================================================
2025-06-12 05:14:21,810 - INFO - Loading data from jobs
2025-06-12 05:16:16,888 - INFO - Loaded 944 CV samples
2025-06-12 05:16:16,893 - INFO - Stage distribution:
stage
REJECT       644
SHORTLIST    211
INTERVIEW     70
ACCEPT        19
Name: count, dtype: int64
2025-06-12 05:16:16,893 - INFO - Preparing features...
2025-06-12 05:16:19,976 - INFO - Feature shape: (944, 15)
2025-06-12 05:16:19,977 - INFO - Label distribution: [644 211  70  19]
2025-06-12 05:16:19,978 - INFO - Starting model training...
2025-06-12 05:16:19,978 - INFO - Minimum samples per class: 19
2025-06-12 05:16:19,982 - INFO - Training set: (755, 15), Test set: (189, 15)
2025-06-12 05:16:19,982 - INFO - Training ensemble models...
2025-06-12 05:16:26,043 - INFO - Evaluating models...
2025-06-12 05:16:26,093 - INFO - Classes found in data: [0 1 2 3]
2025-06-12 05:16:26,099 - INFO - Using stage names: ['REJECT', 'SHORTLIST', 'INTERVIEW', 'ACCEPT']
2025-06-12 05:16:26,105 - INFO - 
Classification Report:
2025-06-12 05:16:26,109 - INFO -               precision    recall  f1-score   support

      REJECT       0.71      0.96      0.82       129
   SHORTLIST       0.50      0.17      0.25        42
   INTERVIEW       0.00      0.00      0.00        14
      ACCEPT       0.00      0.00      0.00         4

    accuracy                           0.69       189
   macro avg       0.30      0.28      0.27       189
weighted avg       0.59      0.69      0.61       189

2025-06-12 05:16:26,269 - INFO - Analyzing feature importance...
2025-06-12 05:16:26,283 - INFO - 
Top 10 Most Important Features:
2025-06-12 05:16:26,283 - INFO - 1. Text Similarity: 0.2557
2025-06-12 05:16:26,283 - INFO - 2. Total Skills: 0.1422
2025-06-12 05:16:26,284 - INFO - 3. Industry Keywords: 0.1208
2025-06-12 05:16:26,284 - INFO - 4. Experience Years: 0.1104
2025-06-12 05:16:26,284 - INFO - 5. Experience Ratio: 0.1092
2025-06-12 05:16:26,284 - INFO - 6. Certifications: 0.0811
2025-06-12 05:16:26,284 - INFO - 7. Achievements: 0.0718
2025-06-12 05:16:26,285 - INFO - 8. Communication Score: 0.0643
2025-06-12 05:16:26,285 - INFO - 9. Location Match: 0.0151
2025-06-12 05:16:26,285 - INFO - 10. Meets Experience: 0.0114
2025-06-12 05:16:26,385 - INFO - Saving results...
2025-06-12 05:16:26,569 - INFO - Results saved successfully!
2025-06-12 05:16:26,570 - INFO - ==================================================
2025-06-12 05:16:26,570 - INFO - Training completed successfully!
2025-06-12 05:16:26,570 - INFO - Overall accuracy: 69.31%
2025-06-12 05:16:26,570 - INFO - ==================================================
2025-06-23 18:08:57,481 - INFO - ==================================================
2025-06-23 18:08:57,482 - INFO - Starting Recruitment AI Training Pipeline
2025-06-23 18:08:57,482 - INFO - ==================================================
2025-06-23 18:08:57,482 - INFO - Loading data from jobs
2025-06-23 18:10:06,315 - INFO - ==================================================
2025-06-23 18:10:06,315 - INFO - Starting Recruitment AI Training Pipeline
2025-06-23 18:10:06,315 - INFO - ==================================================
2025-06-23 18:10:06,315 - INFO - Loading data from jobs
2025-06-23 18:11:29,469 - INFO - Loaded 941 CV samples
2025-06-23 18:11:29,473 - INFO - Stage distribution:
stage
REJECT       643
SHORTLIST    209
INTERVIEW     70
ACCEPT        19
Name: count, dtype: int64
2025-06-23 18:11:29,473 - INFO - Preparing features...
2025-06-23 18:11:31,591 - INFO - Feature shape: (941, 15)
2025-06-23 18:11:31,591 - INFO - Label distribution: [643 209  70  19]
2025-06-23 18:11:31,591 - INFO - Starting model training...
2025-06-23 18:11:31,591 - INFO - Minimum samples per class: 19
2025-06-23 18:11:31,594 - INFO - Training set: (752, 15), Test set: (189, 15)
2025-06-23 18:11:31,594 - INFO - Training ensemble models...
2025-06-23 18:11:36,742 - INFO - Evaluating models...
2025-06-23 18:11:36,759 - INFO - Classes found in data: [0 1 2 3]
2025-06-23 18:11:36,759 - INFO - Using stage names: ['REJECT', 'SHORTLIST', 'INTERVIEW', 'ACCEPT']
2025-06-23 18:11:36,764 - INFO - 
Classification Report:
2025-06-23 18:11:36,766 - INFO -               precision    recall  f1-score   support

      REJECT       0.72      0.98      0.83       129
   SHORTLIST       0.36      0.10      0.15        42
   INTERVIEW       0.00      0.00      0.00        14
      ACCEPT       0.50      0.25      0.33         4

    accuracy                           0.69       189
   macro avg       0.39      0.33      0.33       189
weighted avg       0.58      0.69      0.60       189

2025-06-23 18:11:38,700 - INFO - Analyzing feature importance...
2025-06-23 18:11:38,716 - INFO - 
Top 10 Most Important Features:
2025-06-23 18:11:38,716 - INFO - 1. Text Similarity: 0.2530
2025-06-23 18:11:38,716 - INFO - 2. Total Skills: 0.1393
2025-06-23 18:11:38,716 - INFO - 3. Industry Keywords: 0.1239
2025-06-23 18:11:38,716 - INFO - 4. Experience Years: 0.1174
2025-06-23 18:11:38,716 - INFO - 5. Experience Ratio: 0.1124
2025-06-23 18:11:38,716 - INFO - 6. Certifications: 0.0795
2025-06-23 18:11:38,716 - INFO - 7. Achievements: 0.0656
2025-06-23 18:11:38,716 - INFO - 8. Communication Score: 0.0618
2025-06-23 18:11:38,716 - INFO - 9. Location Match: 0.0131
2025-06-23 18:11:38,716 - INFO - 10. Meets Experience: 0.0116
2025-06-23 18:11:38,764 - INFO - Saving results...
2025-06-23 18:11:38,826 - INFO - Results saved successfully!
2025-06-23 18:11:38,826 - INFO - ==================================================
2025-06-23 18:11:38,826 - INFO - Training completed successfully!
2025-06-23 18:11:38,826 - INFO - Overall accuracy: 69.31%
2025-06-23 18:11:38,826 - INFO - ==================================================
2025-07-11 17:24:57,003 - INFO - ==================================================
2025-07-11 17:24:57,003 - INFO - Starting Recruitment AI Training Pipeline
2025-07-11 17:24:57,003 - INFO - ==================================================
2025-07-11 17:24:57,003 - INFO - Loading data from jobs
2025-07-11 17:25:04,536 - WARNING - Previous trailer can not be read ("'NumberObject' object is not subscriptable",)
2025-07-11 17:25:04,537 - WARNING - Object ID 8,0 ref repaired
2025-07-11 17:25:04,537 - WARNING - Object 5 0 found
2025-07-11 17:25:04,538 - WARNING - Object ID 10,0 ref repaired
2025-07-11 17:25:04,538 - WARNING - Object 1 0 found
2025-07-11 17:25:04,539 - WARNING - Object ID 20,0 ref repaired
2025-07-11 17:25:04,539 - WARNING - Object ID 24,0 ref repaired
2025-07-11 17:25:04,539 - WARNING - Object ID 16,0 ref repaired
2025-07-11 17:25:04,539 - WARNING - Object ID 25,0 ref repaired
2025-07-11 17:25:04,542 - WARNING - Object ID 15,0 ref repaired
2025-07-11 17:25:04,544 - WARNING - Object ID 19,0 ref repaired
2025-07-11 17:25:04,546 - WARNING - Object ID 18,0 ref repaired
2025-07-11 17:25:04,548 - WARNING - Object ID 13,0 ref repaired
2025-07-11 17:25:04,550 - WARNING - Object ID 12,0 ref repaired
2025-07-11 17:25:04,571 - WARNING - Object 2 0 found
2025-07-11 17:25:04,572 - WARNING - Object 3 0 found
2025-07-11 17:25:04,942 - WARNING - incorrect startxref pointer(3)
2025-07-11 17:25:13,515 - WARNING - XRef object at -1 can not be read, some object may be missing
2025-07-11 17:25:14,142 - WARNING - Previous trailer can not be read ("'NumberObject' object is not subscriptable",)
2025-07-11 17:25:14,142 - WARNING - Object ID 8,0 ref repaired
2025-07-11 17:25:14,143 - WARNING - Object 5 0 found
2025-07-11 17:25:14,143 - WARNING - Object ID 10,0 ref repaired
2025-07-11 17:25:14,144 - WARNING - Object 1 0 found
2025-07-11 17:25:14,144 - WARNING - Object ID 20,0 ref repaired
2025-07-11 17:25:14,144 - WARNING - Object ID 24,0 ref repaired
2025-07-11 17:25:14,144 - WARNING - Object ID 16,0 ref repaired
2025-07-11 17:25:14,145 - WARNING - Object ID 25,0 ref repaired
2025-07-11 17:25:14,147 - WARNING - Object ID 15,0 ref repaired
2025-07-11 17:25:14,149 - WARNING - Object ID 19,0 ref repaired
2025-07-11 17:25:14,152 - WARNING - Object ID 18,0 ref repaired
2025-07-11 17:25:14,153 - WARNING - Object ID 13,0 ref repaired
2025-07-11 17:25:14,155 - WARNING - Object ID 12,0 ref repaired
2025-07-11 17:25:14,177 - WARNING - Object 2 0 found
2025-07-11 17:25:14,178 - WARNING - Object 3 0 found
2025-07-11 17:25:15,432 - WARNING - unknown widths : 
[0, IndirectObject(7343, 0, 6275100192), 36, 37, 237, 38, IndirectObject(7344, 0, 6275100192), 43, 44, 570, 45, IndirectObject(7345, 0, 6275100192), 54, 75, 660, 76, IndirectObject(7346, 0, 6275100192), 77, 81, 686, 82, 84, 721, 85, IndirectObject(7347, 0, 6275100192), 86, 102, 597, 103, 108, 728, 109, 112, 730, 113, 123, 276, 124, IndirectObject(7348, 0, 6275100192), 126, 132, 561, 133, IndirectObject(7349, 0, 6275100192), 135, 141, 744, 142, 157, 751, 158, IndirectObject(7350, 0, 6275100192), 159, 164, 751, 165, 170, 642, 171, 177, 606, 178, IndirectObject(7351, 0, 6275100192), 179, 183, 558, 184, 206, 714, 207, 210, 936, 211, 218, 591, 219, 222, 597, 223, IndirectObject(7352, 0, 6275100192), 226, 247, 529, 248, IndirectObject(7353, 0, 6275100192), 249, 253, 506, 254, IndirectObject(7354, 0, 6275100192), 255, 257, 571, 258, 274, 523, 275, 280, 567, 281, 284, 566, 285, 296, 237, 297, IndirectObject(7355, 0, 6275100192), 302, 305, 237, 306, IndirectObject(7356, 0, 6275100192), 308, 315, 566, 316, 331, 550, 332, IndirectObject(7357, 0, 6275100192), 333, 338, 550, 339, 344, 352, 345, 351, 473, 352, IndirectObject(7358, 0, 6275100192), 353, 358, 319, 359, 381, 557, 382, 385, 767, 386, 393, 481, 394, 397, 451, 398, IndirectObject(7359, 0, 6275100192), 408, 409, 559, 410, IndirectObject(7360, 0, 6275100192), 419, 429, 547, 430, 431, 591, 432, IndirectObject(7361, 0, 6275100192), 452, 453, 200, 454, 455, 380, 456, IndirectObject(7362, 0, 6275100192), 458, 459, 369, 460, 461, 546, 462, IndirectObject(7363, 0, 6275100192), 464, 466, 378, 467, IndirectObject(7364, 0, 6275100192), 474, 475, 337, 476, 477, 342, 478, 479, 370, 480, IndirectObject(7365, 0, 6275100192), 485, 486, 508, 487, IndirectObject(7366, 0, 6275100192), 490, 491, 791, 492, IndirectObject(7367, 0, 6275100192), 508, 509, 219, 510, IndirectObject(7368, 0, 6275100192), 525, 526, 219, 527, IndirectObject(7369, 0, 6275100192), 542, 543, 219, 544, IndirectObject(7370, 0, 6275100192), 559, 560, 219, 561, IndirectObject(7371, 0, 6275100192), 594, 595, 355, 596, IndirectObject(7372, 0, 6275100192), 639, 640, 378, 641, IndirectObject(7373, 0, 6275100192), 643, 644, 546, 645, 646, 369, 647, 648, 337, 649, 650, 370, 651, 652, 342, 653, IndirectObject(7374, 0, 6275100192), 654, 655, 203, 656, 658, 186, 659, IndirectObject(7375, 0, 6275100192), 672, 674, 713, 675, IndirectObject(7376, 0, 6275100192), 677, 678, 615, 679, 680, 681, 681, IndirectObject(7377, 0, 6275100192), 685, 686, 713, 687, IndirectObject(7378, 0, 6275100192), 708, 709, 637, 710, 711, 693, 712, 713, 637, 714, 715, 693, 716, 717, 1020, 718, IndirectObject(7379, 0, 6275100192), 722, 723, 420, 724, IndirectObject(7380, 0, 6275100192), 725, 726, 281, 727, 728, 337, 729, 730, 312, 731, 754, 400, 755, 774, 0]
2025-07-11 17:25:15,433 - WARNING - unknown widths : 
[0, IndirectObject(7200, 0, 6275100192), 36, 37, 237, 38, IndirectObject(7201, 0, 6275100192), 43, 44, 570, 45, IndirectObject(7202, 0, 6275100192), 54, 75, 660, 76, IndirectObject(7203, 0, 6275100192), 77, 81, 686, 82, 84, 721, 85, IndirectObject(7204, 0, 6275100192), 86, 102, 597, 103, 108, 728, 109, 112, 730, 113, 123, 276, 124, IndirectObject(7205, 0, 6275100192), 126, 132, 561, 133, IndirectObject(7206, 0, 6275100192), 135, 141, 744, 142, 157, 751, 158, IndirectObject(7207, 0, 6275100192), 159, 164, 751, 165, 170, 642, 171, 177, 606, 178, IndirectObject(7208, 0, 6275100192), 179, 183, 558, 184, 206, 714, 207, 210, 936, 211, 218, 591, 219, 222, 597, 223, IndirectObject(7209, 0, 6275100192), 226, 247, 529, 248, IndirectObject(7210, 0, 6275100192), 249, 253, 506, 254, IndirectObject(7211, 0, 6275100192), 255, 257, 571, 258, 274, 523, 275, 280, 567, 281, 284, 566, 285, 296, 237, 297, IndirectObject(7212, 0, 6275100192), 302, 305, 237, 306, IndirectObject(7213, 0, 6275100192), 308, 315, 566, 316, 331, 550, 332, IndirectObject(7214, 0, 6275100192), 333, 338, 550, 339, 344, 352, 345, 351, 473, 352, IndirectObject(7215, 0, 6275100192), 353, 358, 319, 359, 381, 557, 382, 385, 767, 386, 393, 481, 394, 397, 451, 398, IndirectObject(7216, 0, 6275100192), 408, 409, 559, 410, IndirectObject(7217, 0, 6275100192), 419, 429, 547, 430, 431, 591, 432, IndirectObject(7218, 0, 6275100192), 452, 453, 200, 454, 455, 380, 456, IndirectObject(7219, 0, 6275100192), 458, 459, 369, 460, 461, 546, 462, IndirectObject(7220, 0, 6275100192), 464, 466, 378, 467, IndirectObject(7221, 0, 6275100192), 474, 475, 337, 476, 477, 342, 478, 479, 370, 480, IndirectObject(7222, 0, 6275100192), 485, 486, 508, 487, IndirectObject(7223, 0, 6275100192), 490, 491, 791, 492, IndirectObject(7224, 0, 6275100192), 508, 509, 219, 510, IndirectObject(7225, 0, 6275100192), 525, 526, 219, 527, IndirectObject(7226, 0, 6275100192), 542, 543, 219, 544, IndirectObject(7227, 0, 6275100192), 559, 560, 219, 561, IndirectObject(7228, 0, 6275100192), 594, 595, 355, 596, IndirectObject(7229, 0, 6275100192), 639, 640, 378, 641, IndirectObject(7230, 0, 6275100192), 643, 644, 546, 645, 646, 369, 647, 648, 337, 649, 650, 370, 651, 652, 342, 653, IndirectObject(7231, 0, 6275100192), 654, 655, 203, 656, 658, 186, 659, IndirectObject(7232, 0, 6275100192), 672, 674, 713, 675, IndirectObject(7233, 0, 6275100192), 677, 678, 615, 679, 680, 681, 681, IndirectObject(7234, 0, 6275100192), 685, 686, 713, 687, IndirectObject(7235, 0, 6275100192), 708, 709, 637, 710, 711, 693, 712, 713, 637, 714, 715, 693, 716, 717, 1020, 718, IndirectObject(7236, 0, 6275100192), 722, 723, 420, 724, IndirectObject(7237, 0, 6275100192), 725, 726, 281, 727, 728, 337, 729, 730, 312, 731, 754, 400, 755, 774, 0]
2025-07-11 17:25:47,370 - WARNING - unknown widths : 
[0, IndirectObject(7343, 0, 6265033104), 36, 37, 237, 38, IndirectObject(7344, 0, 6265033104), 43, 44, 570, 45, IndirectObject(7345, 0, 6265033104), 54, 75, 660, 76, IndirectObject(7346, 0, 6265033104), 77, 81, 686, 82, 84, 721, 85, IndirectObject(7347, 0, 6265033104), 86, 102, 597, 103, 108, 728, 109, 112, 730, 113, 123, 276, 124, IndirectObject(7348, 0, 6265033104), 126, 132, 561, 133, IndirectObject(7349, 0, 6265033104), 135, 141, 744, 142, 157, 751, 158, IndirectObject(7350, 0, 6265033104), 159, 164, 751, 165, 170, 642, 171, 177, 606, 178, IndirectObject(7351, 0, 6265033104), 179, 183, 558, 184, 206, 714, 207, 210, 936, 211, 218, 591, 219, 222, 597, 223, IndirectObject(7352, 0, 6265033104), 226, 247, 529, 248, IndirectObject(7353, 0, 6265033104), 249, 253, 506, 254, IndirectObject(7354, 0, 6265033104), 255, 257, 571, 258, 274, 523, 275, 280, 567, 281, 284, 566, 285, 296, 237, 297, IndirectObject(7355, 0, 6265033104), 302, 305, 237, 306, IndirectObject(7356, 0, 6265033104), 308, 315, 566, 316, 331, 550, 332, IndirectObject(7357, 0, 6265033104), 333, 338, 550, 339, 344, 352, 345, 351, 473, 352, IndirectObject(7358, 0, 6265033104), 353, 358, 319, 359, 381, 557, 382, 385, 767, 386, 393, 481, 394, 397, 451, 398, IndirectObject(7359, 0, 6265033104), 408, 409, 559, 410, IndirectObject(7360, 0, 6265033104), 419, 429, 547, 430, 431, 591, 432, IndirectObject(7361, 0, 6265033104), 452, 453, 200, 454, 455, 380, 456, IndirectObject(7362, 0, 6265033104), 458, 459, 369, 460, 461, 546, 462, IndirectObject(7363, 0, 6265033104), 464, 466, 378, 467, IndirectObject(7364, 0, 6265033104), 474, 475, 337, 476, 477, 342, 478, 479, 370, 480, IndirectObject(7365, 0, 6265033104), 485, 486, 508, 487, IndirectObject(7366, 0, 6265033104), 490, 491, 791, 492, IndirectObject(7367, 0, 6265033104), 508, 509, 219, 510, IndirectObject(7368, 0, 6265033104), 525, 526, 219, 527, IndirectObject(7369, 0, 6265033104), 542, 543, 219, 544, IndirectObject(7370, 0, 6265033104), 559, 560, 219, 561, IndirectObject(7371, 0, 6265033104), 594, 595, 355, 596, IndirectObject(7372, 0, 6265033104), 639, 640, 378, 641, IndirectObject(7373, 0, 6265033104), 643, 644, 546, 645, 646, 369, 647, 648, 337, 649, 650, 370, 651, 652, 342, 653, IndirectObject(7374, 0, 6265033104), 654, 655, 203, 656, 658, 186, 659, IndirectObject(7375, 0, 6265033104), 672, 674, 713, 675, IndirectObject(7376, 0, 6265033104), 677, 678, 615, 679, 680, 681, 681, IndirectObject(7377, 0, 6265033104), 685, 686, 713, 687, IndirectObject(7378, 0, 6265033104), 708, 709, 637, 710, 711, 693, 712, 713, 637, 714, 715, 693, 716, 717, 1020, 718, IndirectObject(7379, 0, 6265033104), 722, 723, 420, 724, IndirectObject(7380, 0, 6265033104), 725, 726, 281, 727, 728, 337, 729, 730, 312, 731, 754, 400, 755, 774, 0]
2025-07-11 17:25:47,371 - WARNING - unknown widths : 
[0, IndirectObject(7200, 0, 6265033104), 36, 37, 237, 38, IndirectObject(7201, 0, 6265033104), 43, 44, 570, 45, IndirectObject(7202, 0, 6265033104), 54, 75, 660, 76, IndirectObject(7203, 0, 6265033104), 77, 81, 686, 82, 84, 721, 85, IndirectObject(7204, 0, 6265033104), 86, 102, 597, 103, 108, 728, 109, 112, 730, 113, 123, 276, 124, IndirectObject(7205, 0, 6265033104), 126, 132, 561, 133, IndirectObject(7206, 0, 6265033104), 135, 141, 744, 142, 157, 751, 158, IndirectObject(7207, 0, 6265033104), 159, 164, 751, 165, 170, 642, 171, 177, 606, 178, IndirectObject(7208, 0, 6265033104), 179, 183, 558, 184, 206, 714, 207, 210, 936, 211, 218, 591, 219, 222, 597, 223, IndirectObject(7209, 0, 6265033104), 226, 247, 529, 248, IndirectObject(7210, 0, 6265033104), 249, 253, 506, 254, IndirectObject(7211, 0, 6265033104), 255, 257, 571, 258, 274, 523, 275, 280, 567, 281, 284, 566, 285, 296, 237, 297, IndirectObject(7212, 0, 6265033104), 302, 305, 237, 306, IndirectObject(7213, 0, 6265033104), 308, 315, 566, 316, 331, 550, 332, IndirectObject(7214, 0, 6265033104), 333, 338, 550, 339, 344, 352, 345, 351, 473, 352, IndirectObject(7215, 0, 6265033104), 353, 358, 319, 359, 381, 557, 382, 385, 767, 386, 393, 481, 394, 397, 451, 398, IndirectObject(7216, 0, 6265033104), 408, 409, 559, 410, IndirectObject(7217, 0, 6265033104), 419, 429, 547, 430, 431, 591, 432, IndirectObject(7218, 0, 6265033104), 452, 453, 200, 454, 455, 380, 456, IndirectObject(7219, 0, 6265033104), 458, 459, 369, 460, 461, 546, 462, IndirectObject(7220, 0, 6265033104), 464, 466, 378, 467, IndirectObject(7221, 0, 6265033104), 474, 475, 337, 476, 477, 342, 478, 479, 370, 480, IndirectObject(7222, 0, 6265033104), 485, 486, 508, 487, IndirectObject(7223, 0, 6265033104), 490, 491, 791, 492, IndirectObject(7224, 0, 6265033104), 508, 509, 219, 510, IndirectObject(7225, 0, 6265033104), 525, 526, 219, 527, IndirectObject(7226, 0, 6265033104), 542, 543, 219, 544, IndirectObject(7227, 0, 6265033104), 559, 560, 219, 561, IndirectObject(7228, 0, 6265033104), 594, 595, 355, 596, IndirectObject(7229, 0, 6265033104), 639, 640, 378, 641, IndirectObject(7230, 0, 6265033104), 643, 644, 546, 645, 646, 369, 647, 648, 337, 649, 650, 370, 651, 652, 342, 653, IndirectObject(7231, 0, 6265033104), 654, 655, 203, 656, 658, 186, 659, IndirectObject(7232, 0, 6265033104), 672, 674, 713, 675, IndirectObject(7233, 0, 6265033104), 677, 678, 615, 679, 680, 681, 681, IndirectObject(7234, 0, 6265033104), 685, 686, 713, 687, IndirectObject(7235, 0, 6265033104), 708, 709, 637, 710, 711, 693, 712, 713, 637, 714, 715, 693, 716, 717, 1020, 718, IndirectObject(7236, 0, 6265033104), 722, 723, 420, 724, IndirectObject(7237, 0, 6265033104), 725, 726, 281, 727, 728, 337, 729, 730, 312, 731, 754, 400, 755, 774, 0]
2025-07-11 17:26:18,054 - WARNING - incorrect startxref pointer(3)
2025-07-11 17:26:20,717 - WARNING - unknown widths : 
[0, IndirectObject(545, 0, 6269191600), 1, 2, 0, 3, IndirectObject(546, 0, 6269191600), 4, 14, 579, 15, 16, 763, 17, IndirectObject(547, 0, 6269191600), 18, 23, 533, 24, 25, 615, 26, 27, 625, 28, 37, 488, 38, IndirectObject(548, 0, 6269191600), 39, 43, 631, 44, 45, 623, 46, IndirectObject(549, 0, 6269191600), 47, 56, 252, 57, IndirectObject(550, 0, 6269191600), 58, 59, 319, 60, 61, 520, 62, 63, 420, 64, IndirectObject(551, 0, 6269191600), 69, 73, 646, 74, IndirectObject(552, 0, 6269191600), 75, 83, 662, 84, 85, 664, 86, IndirectObject(553, 0, 6269191600), 87, 88, 517, 89, IndirectObject(554, 0, 6269191600), 90, 93, 543, 94, 99, 459, 100, 103, 487, 104, 114, 642, 115, IndirectObject(555, 0, 6269191600), 116, 120, 890, 121, IndirectObject(556, 0, 6269191600), 122, 126, 487, 127, 130, 468, 131, 141, 494, 142, 143, 670, 144, IndirectObject(557, 0, 6269191600), 145, 150, 474, 151, 152, 549, 153, 154, 558, 155, 164, 438, 165, IndirectObject(558, 0, 6269191600), 166, 170, 563, 171, 172, 559, 173, IndirectObject(559, 0, 6269191600), 174, 183, 240, 184, IndirectObject(560, 0, 6269191600), 185, 186, 280, 187, 188, 473, 189, 190, 359, 191, IndirectObject(561, 0, 6269191600), 196, 200, 571, 201, IndirectObject(562, 0, 6269191600), 202, 210, 583, 211, 212, 591, 213, IndirectObject(563, 0, 6269191600), 214, 215, 471, 216, IndirectObject(564, 0, 6269191600), 217, 220, 491, 221, 226, 414, 227, 230, 418, 231, 241, 569, 242, IndirectObject(565, 0, 6269191600), 243, 247, 780, 248, IndirectObject(566, 0, 6269191600), 249, 253, 439, 254, 257, 426, 258, 268, 479, 269, 270, 773, 271, IndirectObject(567, 0, 6269191600), 272, 277, 423, 278, IndirectObject(568, 0, 6269191600), 280, 281, 750, 282, IndirectObject(569, 0, 6269191600), 286, 295, 498, 296, IndirectObject(570, 0, 6269191600), 302, 305, 529, 306, 309, 539, 310, 311, 529, 312, 315, 808, 316, 319, 817, 320, 321, 808, 322, 323, 529, 324, IndirectObject(571, 0, 6269191600), 327, 328, 529, 329, IndirectObject(572, 0, 6269191600), 332, 333, 616, 334, IndirectObject(573, 0, 6269191600), 336, 340, 471, 341, 347, 525, 348, IndirectObject(574, 0, 6269191600), 349, 358, 229, 359, IndirectObject(575, 0, 6269191600), 361, 363, 239, 364, 366, 455, 367, 368, 229, 369, IndirectObject(576, 0, 6269191600), 374, 378, 525, 379, IndirectObject(577, 0, 6269191600), 381, 389, 527, 390, 391, 529, 392, IndirectObject(578, 0, 6269191600), 393, 395, 525, 396, 399, 349, 400, 405, 391, 406, IndirectObject(579, 0, 6269191600), 414, 423, 557, 424, IndirectObject(580, 0, 6269191600), 426, 435, 856, 436, 446, 525, 447, IndirectObject(581, 0, 6269191600), 448, 452, 715, 453, IndirectObject(582, 0, 6269191600), 454, 458, 453, 459, 462, 395, 463, IndirectObject(583, 0, 6269191600), 479, 482, 362, 483, IndirectObject(584, 0, 6269191600), 495, 496, 0, 497, IndirectObject(585, 0, 6269191600), 500, 501, 0, 502, IndirectObject(586, 0, 6269191600), 505, 506, 0, 507, IndirectObject(587, 0, 6269191600), 510, 511, 0, 512, IndirectObject(588, 0, 6269191600), 516, 517, 0, 518, IndirectObject(589, 0, 6269191600), 522, 523, 0, 524, IndirectObject(590, 0, 6269191600), 527, 528, 0, 529, IndirectObject(591, 0, 6269191600), 532, 533, 0, 534, IndirectObject(592, 0, 6269191600), 537, 538, 0, 539, IndirectObject(593, 0, 6269191600), 545, 546, 0, 547, IndirectObject(594, 0, 6269191600), 549, 550, 226, 551, 552, 0, 553, IndirectObject(595, 0, 6269191600), 559, 560, 579, 561, IndirectObject(596, 0, 6269191600), 564, 565, 488, 566, IndirectObject(597, 0, 6269191600), 567, 568, 623, 569, IndirectObject(598, 0, 6269191600), 570, 572, 252, 573, IndirectObject(599, 0, 6269191600), 578, 579, 662, 580, IndirectObject(600, 0, 6269191600), 583, 586, 487, 587, IndirectObject(601, 0, 6269191600), 590, 591, 664, 592, 593, 494, 594, IndirectObject(602, 0, 6269191600), 597, 598, 438, 599, IndirectObject(603, 0, 6269191600), 600, 601, 559, 602, IndirectObject(604, 0, 6269191600), 603, 605, 240, 606, IndirectObject(605, 0, 6269191600), 611, 612, 583, 613, IndirectObject(606, 0, 6269191600), 617, 619, 439, 620, IndirectObject(607, 0, 6269191600), 623, 624, 586, 625, 626, 567, 627, IndirectObject(608, 0, 6269191600), 631, 632, 456, 633, IndirectObject(609, 0, 6269191600), 634, 635, 537, 636, IndirectObject(610, 0, 6269191600), 638, 641, 274, 642, IndirectObject(611, 0, 6269191600), 646, 647, 376, 648, 649, 527, 650, IndirectObject(612, 0, 6269191600), 655, 658, 542, 659, IndirectObject(613, 0, 6269191600), 663, 664, 696, 665, IndirectObject(614, 0, 6269191600), 668, 670, 252, 671, IndirectObject(615, 0, 6269191600), 672, 673, 250, 674, IndirectObject(616, 0, 6269191600), 677, 678, 430, 679, IndirectObject(617, 0, 6269191600), 681, 683, 488, 684, IndirectObject(618, 0, 6269191600), 686, 688, 642, 689, 690, 252, 691, IndirectObject(619, 0, 6269191600), 692, 693, 543, 694, IndirectObject(620, 0, 6269191600), 699, 700, 662, 701, IndirectObject(621, 0, 6269191600), 706, 707, 527, 708, IndirectObject(622, 0, 6269191600), 729, 730, 385, 731, IndirectObject(623, 0, 6269191600), 733, 735, 438, 736, IndirectObject(624, 0, 6269191600), 738, 740, 567, 741, 742, 240, 743, IndirectObject(625, 0, 6269191600), 744, 745, 474, 746, IndirectObject(626, 0, 6269191600), 749, 750, 583, 751, IndirectObject(627, 0, 6269191600), 756, 757, 452, 758, IndirectObject(628, 0, 6269191600), 782, 783, 346, 784, IndirectObject(629, 0, 6269191600), 786, 788, 498, 789, IndirectObject(630, 0, 6269191600), 791, 793, 541, 794, 795, 229, 796, IndirectObject(631, 0, 6269191600), 797, 798, 464, 799, IndirectObject(632, 0, 6269191600), 811, 812, 453, 813, IndirectObject(633, 0, 6269191600), 831, 833, 429, 834, 835, 0, 836, 838, 326, 839, 841, 463, 842, IndirectObject(634, 0, 6269191600), 843, 844, 297, 845, IndirectObject(635, 0, 6269191600), 848, 849, 268, 850, IndirectObject(636, 0, 6269191600), 852, 855, 250, 856, 859, 418, 860, IndirectObject(637, 0, 6269191600), 862, 865, 339, 866, 869, 512, 870, IndirectObject(638, 0, 6269191600), 876, 877, 306, 878, 879, 498, 880, 883, 905, 884, 885, 498, 886, 887, 252, 888, 889, 303, 890, 891, 307, 892, 893, 314, 894, 895, 281, 896, 897, 286, 898, 899, 303, 900, 901, 307, 902, 903, 314, 904, 907, 498, 908, IndirectObject(639, 0, 6269191600), 910, 911, 498, 912, IndirectObject(640, 0, 6269191600), 920, 921, 834, 922, IndirectObject(641, 0, 6269191600), 932, 933, 498, 934, IndirectObject(642, 0, 6269191600), 940, 941, 453, 942, IndirectObject(643, 0, 6269191600), 949, 950, 490, 951, IndirectObject(644, 0, 6269191600), 955, 956, 526, 957, 966, 507, 967, IndirectObject(645, 0, 6269191600), 977, 986, 453, 987, IndirectObject(646, 0, 6269191600), 989, 990, 490, 991, IndirectObject(647, 0, 6269191600), 995, 996, 526, 997, 1006, 507, 1007, IndirectObject(648, 0, 6269191600), 1020, 1021, 217, 1022, IndirectObject(649, 0, 6269191600), 1035, 1036, 217, 1037, IndirectObject(650, 0, 6269191600), 1040, 1041, 286, 1042, IndirectObject(651, 0, 6269191600), 1050, 1051, 286, 1052, IndirectObject(652, 0, 6269191600), 1065, 1066, 723, 1067, IndirectObject(653, 0, 6269191600), 1078, 1090, 498, 1091, IndirectObject(654, 0, 6269191600), 1103, 1106, 905, 1107, 1110, 882, 1111, IndirectObject(655, 0, 6269191600), 1115, 1131, 550, 1132, 1143, 579, 1144, 1151, 488, 1152, 1153, 252, 1154, 1160, 662, 1161, 1166, 697, 1167, 1168, 642, 1169, 1174, 722, 1175, 1177, 487, 1178, 1189, 479, 1190, 1197, 498, 1198, 1199, 229, 1200, 1206, 527, 1207, 1212, 578, 1213, 1214, 525, 1215, 1220, 603, 1221, 1223, 453, 1224, IndirectObject(656, 0, 6269191600), 1226, 1237, 494, 1238, 1245, 438, 1246, 1247, 240, 1248, 1254, 583, 1255, 1260, 615, 1261, 1262, 569, 1263, 1268, 635, 1269, 1271, 439, 1272, IndirectObject(657, 0, 6269191600), 1273, 1280, 550, 1281, IndirectObject(658, 0, 6269191600), 1282, 1283, 643, 1284, IndirectObject(659, 0, 6269191600), 1285, 1286, 572, 1287, IndirectObject(660, 0, 6269191600), 1292, 1294, 529, 1295, 1297, 808, 1298, IndirectObject(661, 0, 6269191600), 1311, 1312, 432, 1313, IndirectObject(662, 0, 6269191600), 1325, 1326, 550, 1327, 1328, 469, 1329, 1331, 381, 1332, 1333, 250, 1334, 1335, 0, 1336, 1342, 333, 1343, 1344, 312, 1345, IndirectObject(663, 0, 6269191600), 1347, 1348, 333, 1349, 1356, 0, 1357, IndirectObject(664, 0, 6269191600), 1359, 1360, 333, 1361, 1362, 450, 1363, 1368, 0, 1369, IndirectObject(665, 0, 6269191600), 1370, 1371, 500, 1372, IndirectObject(666, 0, 6269191600), 1376, 1377, 333, 1378, IndirectObject(667, 0, 6269191600), 1383, 1386, 920, 1387, IndirectObject(668, 0, 6269191600), 1388, 1389, 920, 1390, IndirectObject(669, 0, 6269191600), 1403, 1404, 394, 1405, IndirectObject(670, 0, 6269191600), 1440, 1441, 474, 1442, IndirectObject(671, 0, 6269191600), 1452, 1456, 642, 1457, 1458, 579, 1459, IndirectObject(672, 0, 6269191600), 1460, 1461, 631, 1462, IndirectObject(673, 0, 6269191600), 1463, 1464, 662, 1465, IndirectObject(674, 0, 6269191600), 1472, 1473, 579, 1474, 1475, 488, 1476, 1477, 252, 1478, 1479, 662, 1480, 1481, 543, 1482, 1483, 642, 1484, IndirectObject(675, 0, 6269191600), 1491, 1494, 662, 1495, IndirectObject(676, 0, 6269191600), 1510, 1512, 544, 1513, IndirectObject(677, 0, 6269191600), 1514, 1518, 615, 1519, 1523, 488, 1524, IndirectObject(678, 0, 6269191600), 1526, 1530, 623, 1531, 1532, 252, 1533, 1535, 520, 1536, 1539, 420, 1540, 1542, 855, 1543, 1546, 646, 1547, 1550, 662, 1551, 1552, 517, 1553, 1556, 543, 1557, 1561, 459, 1562, 1565, 487, 1566, 1570, 642, 1571, 1572, 567, 1573, 1574, 890, 1575, 1576, 519, 1577, IndirectObject(679, 0, 6269191600), 1578, 1580, 468, 1581, IndirectObject(680, 0, 6269191600), 1592, 1593, 525, 1594, IndirectObject(681, 0, 6269191600), 1620, 1624, 525, 1625, IndirectObject(682, 0, 6269191600), 1626, 1627, 479, 1628, IndirectObject(683, 0, 6269191600), 1632, 1633, 527, 1634, IndirectObject(684, 0, 6269191600), 1639, 1640, 479, 1641, 1642, 498, 1643, 1644, 229, 1645, 1646, 527, 1647, 1648, 349, 1649, 1650, 525, 1651, IndirectObject(685, 0, 6269191600), 1658, 1661, 527, 1662, IndirectObject(686, 0, 6269191600), 1673, 1674, 281, 1675, IndirectObject(687, 0, 6269191600), 1686, 1688, 525, 1689, IndirectObject(688, 0, 6269191600), 1690, 1694, 525, 1695, 1699, 498, 1700, IndirectObject(689, 0, 6269191600), 1702, 1706, 525, 1707, 1709, 229, 1710, 1712, 455, 1713, 1716, 229, 1717, 1719, 799, 1720, 1723, 525, 1724, 1727, 527, 1728, 1729, 525, 1730, 1733, 349, 1734, 1738, 391, 1739, 1742, 335, 1743, 1747, 525, 1748, 1749, 452, 1750, 1751, 715, 1752, 1753, 433, 1754, IndirectObject(690, 0, 6269191600), 1755, 1757, 395, 1758, IndirectObject(691, 0, 6269191600), 1776, 1777, 491, 1778, IndirectObject(692, 0, 6269191600), 1818, 1822, 569, 1823, 1824, 494, 1825, IndirectObject(693, 0, 6269191600), 1826, 1827, 563, 1828, IndirectObject(694, 0, 6269191600), 1829, 1830, 583, 1831, IndirectObject(695, 0, 6269191600), 1838, 1839, 494, 1840, 1841, 438, 1842, 1843, 240, 1844, 1845, 583, 1846, 1847, 491, 1848, 1849, 569, 1850, IndirectObject(696, 0, 6269191600), 1857, 1860, 583, 1861, IndirectObject(697, 0, 6269191600), 1882, 1884, 502, 1885, IndirectObject(698, 0, 6269191600), 1886, 1890, 549, 1891, 1895, 438, 1896, IndirectObject(699, 0, 6269191600), 1898, 1902, 559, 1903, 1904, 240, 1905, 1907, 473, 1908, 1911, 359, 1912, 1914, 753, 1915, 1918, 571, 1919, 1922, 583, 1923, 1924, 471, 1925, 1928, 491, 1929, 1933, 414, 1934, 1937, 418, 1938, 1942, 569, 1943, 1944, 499, 1945, 1946, 780, 1947, 1948, 475, 1949, IndirectObject(700, 0, 6269191600), 1950, 1952, 426, 1953, IndirectObject(701, 0, 6269191600), 1968, 1969, 529, 1970, 1971, 535, 1972, 1973, 529, 1974, IndirectObject(702, 0, 6269191600), 1975, 1976, 529, 1977, 1978, 808, 1979, 1980, 813, 1981, 1982, 808, 1983, IndirectObject(703, 0, 6269191600), 1984, 1985, 808, 1986, 1994, 557, 1995, 2003, 856, 2004, IndirectObject(704, 0, 6269191600), 2005, 2007, 525, 2008, IndirectObject(705, 0, 6269191600), 2010, 2011, 525, 2012, 2013, 498, 2014, IndirectObject(706, 0, 6269191600), 2015, 2016, 423, 2017, IndirectObject(707, 0, 6269191600), 2020, 2021, 525, 2022, IndirectObject(708, 0, 6269191600), 2025, 2027, 525, 2028, IndirectObject(709, 0, 6269191600), 2036, 2037, 798, 2038, IndirectObject(710, 0, 6269191600), 2039, 2040, 525, 2041, IndirectObject(711, 0, 6269191600), 2046, 2050, 349, 2051, 2052, 319, 2053, 2054, 449, 2055, IndirectObject(712, 0, 6269191600), 2060, 2061, 335, 2062, IndirectObject(713, 0, 6269191600), 2073, 2075, 447, 2076, IndirectObject(714, 0, 6269191600), 2086, 2087, 447, 2088, IndirectObject(715, 0, 6269191600), 2097, 2098, 492, 2099, IndirectObject(716, 0, 6269191600), 2123, 2124, 527, 2125, IndirectObject(717, 0, 6269191600), 2126, 2127, 476, 2128, IndirectObject(718, 0, 6269191600), 2150, 2151, 332, 2152, IndirectObject(719, 0, 6269191600), 2159, 2161, 432, 2162, IndirectObject(720, 0, 6269191600), 2168, 2169, 334, 2170, IndirectObject(721, 0, 6269191600), 2172, 2173, 362, 2174, 2175, 340, 2176, 2177, 308, 2178, IndirectObject(722, 0, 6269191600), 2182, 2183, 362, 2184, IndirectObject(723, 0, 6269191600), 2185, 2187, 362, 2188, IndirectObject(724, 0, 6269191600), 2248, 2249, 423, 2250, IndirectObject(725, 0, 6269191600), 2261, 2262, 219, 2263, IndirectObject(726, 0, 6269191600), 2273, 2274, 542, 2275, IndirectObject(727, 0, 6269191600), 2285, 2286, 362, 2287, IndirectObject(728, 0, 6269191600), 2293, 2294, 364, 2295, IndirectObject(729, 0, 6269191600), 2296, 2297, 245, 2298, IndirectObject(730, 0, 6269191600), 2304, 2306, 250, 2307, 2308, 226, 2309, 2310, 325, 2311, 2312, 498, 2313, 2314, 537, 2315, IndirectObject(731, 0, 6269191600), 2322, 2323, 278, 2324, 2325, 226, 2326, 2331, 333, 2332, IndirectObject(732, 0, 6269191600), 2337, 2341, 383, 2342, 2345, 542, 2346, IndirectObject(733, 0, 6269191600), 2347, 2357, 542, 2358, IndirectObject(734, 0, 6269191600), 2359, 2363, 542, 2364, IndirectObject(735, 0, 6269191600), 2365, 2369, 542, 2370, IndirectObject(736, 0, 6269191600), 2371, 2379, 542, 2380, IndirectObject(737, 0, 6269191600), 2381, 2391, 542, 2392, IndirectObject(738, 0, 6269191600), 2393, 2397, 542, 2398, IndirectObject(739, 0, 6269191600), 2399, 2403, 542, 2404, IndirectObject(740, 0, 6269191600), 2405, 2413, 542, 2414, IndirectObject(741, 0, 6269191600), 2415, 2419, 542, 2420, IndirectObject(742, 0, 6269191600), 2421, 2425, 542, 2426, IndirectObject(743, 0, 6269191600), 2427, 2431, 542, 2432, IndirectObject(744, 0, 6269191600), 2433, 2437, 542, 2438, IndirectObject(745, 0, 6269191600), 2439, 2447, 542, 2448, IndirectObject(746, 0, 6269191600), 2449, 2453, 542, 2454, IndirectObject(747, 0, 6269191600), 2455, 2459, 542, 2460, IndirectObject(748, 0, 6269191600), 2461, 2465, 542, 2466, IndirectObject(749, 0, 6269191600), 2467, 2471, 542, 2472, IndirectObject(750, 0, 6269191600), 2473, 2481, 542, 2482, 2483, 333, 2484, IndirectObject(751, 0, 6269191600), 2487, 2490, 333, 2491, IndirectObject(752, 0, 6269191600), 2493, 2494, 469, 2495, IndirectObject(753, 0, 6269191600), 2497, 2500, 333, 2501, 2502, 531, 2503, IndirectObject(754, 0, 6269191600), 2504, 2505, 394, 2506, IndirectObject(755, 0, 6269191600), 2508, 2509, 884, 2510, IndirectObject(756, 0, 6269191600), 2516, 2518, 395, 2519, 2522, 550, 2523, IndirectObject(757, 0, 6269191600), 2524, 2527, 533, 2528, IndirectObject(758, 0, 6269191600), 2539, 2540, 432, 2541, IndirectObject(759, 0, 6269191600), 2544, 2545, 509, 2546, 2549, 423, 2550, IndirectObject(760, 0, 6269191600), 2561, 2564, 474, 2565, 2567, 442, 2568, IndirectObject(761, 0, 6269191600), 2575, 2595, 579, 2596, 2604, 799, 2605, IndirectObject(762, 0, 6269191600), 2606, 2607, 592, 2608, IndirectObject(763, 0, 6269191600), 2611, 2612, 488, 2613, IndirectObject(764, 0, 6269191600), 2614, 2615, 727, 2616, IndirectObject(765, 0, 6269191600), 2618, 2619, 727, 2620, IndirectObject(766, 0, 6269191600), 2621, 2624, 623, 2625, 2626, 727, 2627, IndirectObject(767, 0, 6269191600), 2629, 2630, 727, 2631, IndirectObject(768, 0, 6269191600), 2632, 2633, 844, 2634, 2635, 948, 2636, IndirectObject(769, 0, 6269191600), 2638, 2639, 948, 2640, IndirectObject(770, 0, 6269191600), 2642, 2643, 356, 2644, IndirectObject(771, 0, 6269191600), 2646, 2647, 356, 2648, IndirectObject(772, 0, 6269191600), 2649, 2652, 252, 2653, IndirectObject(773, 0, 6269191600), 2659, 2660, 662, 2661, IndirectObject(774, 0, 6269191600), 2666, 2669, 487, 2670, IndirectObject(775, 0, 6269191600), 2678, 2681, 664, 2682, IndirectObject(776, 0, 6269191600), 2689, 2690, 885, 2691, IndirectObject(777, 0, 6269191600), 2698, 2722, 567, 2723, 2730, 456, 2731, 2753, 537, 2754, 2769, 274, 2770, 2777, 527, 2778, 2779, 509, 2780, 2795, 542, 2796, 2818, 696, 2819, 2840, 494, 2841, 2849, 715, 2850, 2857, 438, 2858, 2877, 559, 2878, 2886, 779, 2887, 2902, 240, 2903, 2910, 583, 2911, 2912, 471, 2913, IndirectObject(778, 0, 6269191600), 2939, 2958, 586, 2959, 2967, 807, 2968, 2976, 579, 2977, 2978, 623, 2979, 2980, 727, 2981, IndirectObject(779, 0, 6269191600), 2983, 2984, 727, 2985, IndirectObject(780, 0, 6269191600), 2986, 2987, 664, 2988, IndirectObject(781, 0, 6269191600), 2995, 3003, 799, 3004, 3005, 844, 3006, 3007, 948, 3008, 3009, 844, 3010, 3011, 948, 3012, IndirectObject(782, 0, 6269191600), 3013, 3014, 885, 3015, IndirectObject(783, 0, 6269191600), 3017, 3018, 885, 3019, IndirectObject(784, 0, 6269191600), 3022, 3023, 231, 3024, 3025, 317, 3026, IndirectObject(785, 0, 6269191600), 3027, 3028, 395, 3029, IndirectObject(786, 0, 6269191600), 3030, 3031, 395, 3032, IndirectObject(787, 0, 6269191600), 3033, 3034, 494, 3035, IndirectObject(788, 0, 6269191600), 3038, 3039, 221, 3040, IndirectObject(789, 0, 6269191600), 3056, 3058, 487, 3059, IndirectObject(790, 0, 6269191600), 3062, 3063, 556, 3064, 3065, 745, 3066, IndirectObject(791, 0, 6269191600), 3070, 3071, 623, 3072, IndirectObject(792, 0, 6269191600), 3074, 3075, 579, 3076, IndirectObject(793, 0, 6269191600), 3078, 3079, 643, 3080, IndirectObject(794, 0, 6269191600), 3081, 3082, 474, 3083, 3084, 642, 3085, 3087, 662, 3088, IndirectObject(795, 0, 6269191600), 3089, 3091, 527, 3092, IndirectObject(796, 0, 6269191600), 3125, 3126, 452, 3127, IndirectObject(797, 0, 6269191600), 3130, 3131, 469, 3132, 3133, 598, 3134, IndirectObject(798, 0, 6269191600), 3142, 3143, 479, 3144, IndirectObject(799, 0, 6269191600), 3145, 3147, 498, 3148, IndirectObject(800, 0, 6269191600), 3151, 3152, 541, 3153, IndirectObject(801, 0, 6269191600), 3154, 3155, 524, 3156, IndirectObject(802, 0, 6269191600), 3157, 3159, 453, 3160, IndirectObject(803, 0, 6269191600), 3184, 3185, 474, 3186, IndirectObject(804, 0, 6269191600), 3193, 3194, 439, 3195, IndirectObject(805, 0, 6269191600), 3198, 3199, 497, 3200, 3201, 664, 3202, IndirectObject(806, 0, 6269191600), 3210, 3211, 494, 3212, IndirectObject(807, 0, 6269191600), 3214, 3215, 579, 3216, IndirectObject(808, 0, 6269191600), 3219, 3220, 567, 3221, 3223, 583, 3224, IndirectObject(809, 0, 6269191600), 3225, 3227, 452, 3228, IndirectObject(810, 0, 6269191600), 3246, IndirectObject(811, 0, 6269191600), 3248, IndirectObject(812, 0, 6269191600), 3255, 3257, 0, 3258, 3259, 507, 3260, IndirectObject(813, 0, 6269191600), 3271, 3272, 533, 3273, IndirectObject(814, 0, 6269191600), 3296, 3297, 540, 3298, 3303, 500, 3304, IndirectObject(815, 0, 6269191600), 3317, 3319, 394, 3320, 3321, 291, 3322, IndirectObject(816, 0, 6269191600), 3337, 3338, 928, 3339, IndirectObject(817, 0, 6269191600), 3371, 3372, 0, 3373, IndirectObject(818, 0, 6269191600), 3380, 3381, 354, 3382, IndirectObject(819, 0, 6269191600), 3384, 3392, 1328, 3393, 3397, 0, 3398, 3399, 450, 3400, 3402, 393, 3403, IndirectObject(820, 0, 6269191600), 3404, 3405, 393, 3406, IndirectObject(821, 0, 6269191600), 3407, 3408, 395, 3409, IndirectObject(822, 0, 6269191600), 3415, 3418, 0, 3419, 3428, 393, 3429, 3430, 0, 3431, 3432, 450, 3433, IndirectObject(823, 0, 6269191600), 3437, 3438, 409, 3439, IndirectObject(824, 0, 6269191600), 3440, 3441, 410, 3442, 3443, 454, 3444, IndirectObject(825, 0, 6269191600), 3445, 3451, 0, 3452, IndirectObject(826, 0, 6269191600), 3455, 3458, 487, 3459, 3461, 494, 3462, 3464, 715, 3465, 3467, 559, 3468, 3470, 779, 3471, 3473, 439, 3474, 3476, 586, 3477, 3479, 807, 3480, 3675, 0, 3676, IndirectObject(827, 0, 6269191600), 3677, 3679, 442, 3680, IndirectObject(828, 0, 6269191600), 3681, 3684, 525, 3685, IndirectObject(829, 0, 6269191600), 3686, 3717, 1328, 3718, IndirectObject(830, 0, 6269191600), 3719, 3722, 507]
2025-07-11 17:26:41,450 - WARNING - incorrect startxref pointer(3)
2025-07-11 17:27:09,470 - WARNING - incorrect startxref pointer(3)
2025-07-11 17:27:10,277 - WARNING - incorrect startxref pointer(3)
2025-07-11 17:27:13,733 - WARNING - incorrect startxref pointer(3)
2025-07-11 17:27:37,061 - INFO - Loaded 1833 CV samples
2025-07-11 17:27:37,062 - INFO - Stage distribution:
stage
REJECT       1193
SHORTLIST     432
INTERVIEW     158
ACCEPT         50
Name: count, dtype: int64
2025-07-11 17:27:37,062 - INFO - Preparing features...
2025-07-11 17:27:40,897 - INFO - Feature shape: (1833, 15)
2025-07-11 17:27:40,898 - INFO - Label distribution: [1193  432  158   50]
2025-07-11 17:27:40,898 - INFO - Starting model training...
2025-07-11 17:27:40,898 - INFO - Minimum samples per class: 50
2025-07-11 17:27:40,898 - INFO - Training set: (1466, 15), Test set: (367, 15)
2025-07-11 17:27:40,898 - INFO - Training ensemble models...
2025-07-11 17:27:48,781 - INFO - Evaluating models...
2025-07-11 17:27:48,805 - INFO - Classes found in data: [0 1 2 3]
2025-07-11 17:27:48,805 - INFO - Using stage names: ['REJECT', 'SHORTLIST', 'INTERVIEW', 'ACCEPT']
2025-07-11 17:27:48,810 - INFO - 
Classification Report:
2025-07-11 17:27:48,812 - INFO -               precision    recall  f1-score   support

      REJECT       0.71      0.94      0.81       239
   SHORTLIST       0.36      0.19      0.24        86
   INTERVIEW       0.20      0.03      0.05        32
      ACCEPT       0.00      0.00      0.00        10

    accuracy                           0.66       367
   macro avg       0.32      0.29      0.28       367
weighted avg       0.56      0.66      0.59       367

2025-07-11 17:27:49,038 - INFO - Analyzing feature importance...
2025-07-11 17:27:49,047 - INFO - 
Top 10 Most Important Features:
2025-07-11 17:27:49,048 - INFO - 1. Text Similarity: 0.3319
2025-07-11 17:27:49,048 - INFO - 2. Total Skills: 0.1330
2025-07-11 17:27:49,048 - INFO - 3. Industry Keywords: 0.1233
2025-07-11 17:27:49,048 - INFO - 4. Experience Ratio: 0.0981
2025-07-11 17:27:49,048 - INFO - 5. Experience Years: 0.0974
2025-07-11 17:27:49,048 - INFO - 6. Certifications: 0.0755
2025-07-11 17:27:49,048 - INFO - 7. Communication Score: 0.0546
2025-07-11 17:27:49,048 - INFO - 8. Achievements: 0.0546
2025-07-11 17:27:49,048 - INFO - 9. Education Level: 0.0095
2025-07-11 17:27:49,048 - INFO - 10. Meets Experience: 0.0085
2025-07-11 17:27:49,091 - INFO - Saving results...
2025-07-11 17:27:49,144 - INFO - Results saved successfully!
2025-07-11 17:27:49,144 - INFO - ==================================================
2025-07-11 17:27:49,144 - INFO - Training completed successfully!
2025-07-11 17:27:49,144 - INFO - Overall accuracy: 65.67%
2025-07-11 17:27:49,144 - INFO - ==================================================
2025-07-11 17:46:18,638 - INFO - ==================================================
2025-07-11 17:46:18,638 - INFO - Starting Recruitment AI Training Pipeline
2025-07-11 17:46:18,638 - INFO - ==================================================
2025-07-11 17:46:18,638 - INFO - Loading data from jobs
2025-07-11 17:46:18,640 - INFO - Found 254 job folders to process
2025-07-11 17:46:26,173 - WARNING - Previous trailer can not be read ("'NumberObject' object is not subscriptable",)
2025-07-11 17:46:26,173 - WARNING - Object ID 8,0 ref repaired
2025-07-11 17:46:26,174 - WARNING - Object 5 0 found
2025-07-11 17:46:26,174 - WARNING - Object ID 10,0 ref repaired
2025-07-11 17:46:26,175 - WARNING - Object 1 0 found
2025-07-11 17:46:26,175 - WARNING - Object ID 20,0 ref repaired
2025-07-11 17:46:26,175 - WARNING - Object ID 24,0 ref repaired
2025-07-11 17:46:26,175 - WARNING - Object ID 16,0 ref repaired
2025-07-11 17:46:26,176 - WARNING - Object ID 25,0 ref repaired
2025-07-11 17:46:26,178 - WARNING - Object ID 15,0 ref repaired
2025-07-11 17:46:26,180 - WARNING - Object ID 19,0 ref repaired
2025-07-11 17:46:26,183 - WARNING - Object ID 18,0 ref repaired
2025-07-11 17:46:26,184 - WARNING - Object ID 13,0 ref repaired
2025-07-11 17:46:26,187 - WARNING - Object ID 12,0 ref repaired
2025-07-11 17:46:26,208 - WARNING - Object 2 0 found
2025-07-11 17:46:26,209 - WARNING - Object 3 0 found
2025-07-11 17:46:26,579 - WARNING - incorrect startxref pointer(3)
2025-07-11 17:46:33,432 - WARNING - XRef object at -1 can not be read, some object may be missing
2025-07-11 17:46:34,060 - WARNING - Previous trailer can not be read ("'NumberObject' object is not subscriptable",)
2025-07-11 17:46:34,060 - WARNING - Object ID 8,0 ref repaired
2025-07-11 17:46:34,061 - WARNING - Object 5 0 found
2025-07-11 17:46:34,061 - WARNING - Object ID 10,0 ref repaired
2025-07-11 17:46:34,062 - WARNING - Object 1 0 found
2025-07-11 17:46:34,062 - WARNING - Object ID 20,0 ref repaired
2025-07-11 17:46:34,062 - WARNING - Object ID 24,0 ref repaired
2025-07-11 17:46:34,062 - WARNING - Object ID 16,0 ref repaired
2025-07-11 17:46:34,063 - WARNING - Object ID 25,0 ref repaired
2025-07-11 17:46:34,065 - WARNING - Object ID 15,0 ref repaired
2025-07-11 17:46:34,067 - WARNING - Object ID 19,0 ref repaired
2025-07-11 17:46:34,070 - WARNING - Object ID 18,0 ref repaired
2025-07-11 17:46:34,071 - WARNING - Object ID 13,0 ref repaired
2025-07-11 17:46:34,074 - WARNING - Object ID 12,0 ref repaired
2025-07-11 17:46:34,095 - WARNING - Object 2 0 found
2025-07-11 17:46:34,096 - WARNING - Object 3 0 found
2025-07-11 17:46:35,349 - WARNING - unknown widths : 
[0, IndirectObject(7343, 0, 5643599152), 36, 37, 237, 38, IndirectObject(7344, 0, 5643599152), 43, 44, 570, 45, IndirectObject(7345, 0, 5643599152), 54, 75, 660, 76, IndirectObject(7346, 0, 5643599152), 77, 81, 686, 82, 84, 721, 85, IndirectObject(7347, 0, 5643599152), 86, 102, 597, 103, 108, 728, 109, 112, 730, 113, 123, 276, 124, IndirectObject(7348, 0, 5643599152), 126, 132, 561, 133, IndirectObject(7349, 0, 5643599152), 135, 141, 744, 142, 157, 751, 158, IndirectObject(7350, 0, 5643599152), 159, 164, 751, 165, 170, 642, 171, 177, 606, 178, IndirectObject(7351, 0, 5643599152), 179, 183, 558, 184, 206, 714, 207, 210, 936, 211, 218, 591, 219, 222, 597, 223, IndirectObject(7352, 0, 5643599152), 226, 247, 529, 248, IndirectObject(7353, 0, 5643599152), 249, 253, 506, 254, IndirectObject(7354, 0, 5643599152), 255, 257, 571, 258, 274, 523, 275, 280, 567, 281, 284, 566, 285, 296, 237, 297, IndirectObject(7355, 0, 5643599152), 302, 305, 237, 306, IndirectObject(7356, 0, 5643599152), 308, 315, 566, 316, 331, 550, 332, IndirectObject(7357, 0, 5643599152), 333, 338, 550, 339, 344, 352, 345, 351, 473, 352, IndirectObject(7358, 0, 5643599152), 353, 358, 319, 359, 381, 557, 382, 385, 767, 386, 393, 481, 394, 397, 451, 398, IndirectObject(7359, 0, 5643599152), 408, 409, 559, 410, IndirectObject(7360, 0, 5643599152), 419, 429, 547, 430, 431, 591, 432, IndirectObject(7361, 0, 5643599152), 452, 453, 200, 454, 455, 380, 456, IndirectObject(7362, 0, 5643599152), 458, 459, 369, 460, 461, 546, 462, IndirectObject(7363, 0, 5643599152), 464, 466, 378, 467, IndirectObject(7364, 0, 5643599152), 474, 475, 337, 476, 477, 342, 478, 479, 370, 480, IndirectObject(7365, 0, 5643599152), 485, 486, 508, 487, IndirectObject(7366, 0, 5643599152), 490, 491, 791, 492, IndirectObject(7367, 0, 5643599152), 508, 509, 219, 510, IndirectObject(7368, 0, 5643599152), 525, 526, 219, 527, IndirectObject(7369, 0, 5643599152), 542, 543, 219, 544, IndirectObject(7370, 0, 5643599152), 559, 560, 219, 561, IndirectObject(7371, 0, 5643599152), 594, 595, 355, 596, IndirectObject(7372, 0, 5643599152), 639, 640, 378, 641, IndirectObject(7373, 0, 5643599152), 643, 644, 546, 645, 646, 369, 647, 648, 337, 649, 650, 370, 651, 652, 342, 653, IndirectObject(7374, 0, 5643599152), 654, 655, 203, 656, 658, 186, 659, IndirectObject(7375, 0, 5643599152), 672, 674, 713, 675, IndirectObject(7376, 0, 5643599152), 677, 678, 615, 679, 680, 681, 681, IndirectObject(7377, 0, 5643599152), 685, 686, 713, 687, IndirectObject(7378, 0, 5643599152), 708, 709, 637, 710, 711, 693, 712, 713, 637, 714, 715, 693, 716, 717, 1020, 718, IndirectObject(7379, 0, 5643599152), 722, 723, 420, 724, IndirectObject(7380, 0, 5643599152), 725, 726, 281, 727, 728, 337, 729, 730, 312, 731, 754, 400, 755, 774, 0]
2025-07-11 17:46:35,350 - WARNING - unknown widths : 
[0, IndirectObject(7200, 0, 5643599152), 36, 37, 237, 38, IndirectObject(7201, 0, 5643599152), 43, 44, 570, 45, IndirectObject(7202, 0, 5643599152), 54, 75, 660, 76, IndirectObject(7203, 0, 5643599152), 77, 81, 686, 82, 84, 721, 85, IndirectObject(7204, 0, 5643599152), 86, 102, 597, 103, 108, 728, 109, 112, 730, 113, 123, 276, 124, IndirectObject(7205, 0, 5643599152), 126, 132, 561, 133, IndirectObject(7206, 0, 5643599152), 135, 141, 744, 142, 157, 751, 158, IndirectObject(7207, 0, 5643599152), 159, 164, 751, 165, 170, 642, 171, 177, 606, 178, IndirectObject(7208, 0, 5643599152), 179, 183, 558, 184, 206, 714, 207, 210, 936, 211, 218, 591, 219, 222, 597, 223, IndirectObject(7209, 0, 5643599152), 226, 247, 529, 248, IndirectObject(7210, 0, 5643599152), 249, 253, 506, 254, IndirectObject(7211, 0, 5643599152), 255, 257, 571, 258, 274, 523, 275, 280, 567, 281, 284, 566, 285, 296, 237, 297, IndirectObject(7212, 0, 5643599152), 302, 305, 237, 306, IndirectObject(7213, 0, 5643599152), 308, 315, 566, 316, 331, 550, 332, IndirectObject(7214, 0, 5643599152), 333, 338, 550, 339, 344, 352, 345, 351, 473, 352, IndirectObject(7215, 0, 5643599152), 353, 358, 319, 359, 381, 557, 382, 385, 767, 386, 393, 481, 394, 397, 451, 398, IndirectObject(7216, 0, 5643599152), 408, 409, 559, 410, IndirectObject(7217, 0, 5643599152), 419, 429, 547, 430, 431, 591, 432, IndirectObject(7218, 0, 5643599152), 452, 453, 200, 454, 455, 380, 456, IndirectObject(7219, 0, 5643599152), 458, 459, 369, 460, 461, 546, 462, IndirectObject(7220, 0, 5643599152), 464, 466, 378, 467, IndirectObject(7221, 0, 5643599152), 474, 475, 337, 476, 477, 342, 478, 479, 370, 480, IndirectObject(7222, 0, 5643599152), 485, 486, 508, 487, IndirectObject(7223, 0, 5643599152), 490, 491, 791, 492, IndirectObject(7224, 0, 5643599152), 508, 509, 219, 510, IndirectObject(7225, 0, 5643599152), 525, 526, 219, 527, IndirectObject(7226, 0, 5643599152), 542, 543, 219, 544, IndirectObject(7227, 0, 5643599152), 559, 560, 219, 561, IndirectObject(7228, 0, 5643599152), 594, 595, 355, 596, IndirectObject(7229, 0, 5643599152), 639, 640, 378, 641, IndirectObject(7230, 0, 5643599152), 643, 644, 546, 645, 646, 369, 647, 648, 337, 649, 650, 370, 651, 652, 342, 653, IndirectObject(7231, 0, 5643599152), 654, 655, 203, 656, 658, 186, 659, IndirectObject(7232, 0, 5643599152), 672, 674, 713, 675, IndirectObject(7233, 0, 5643599152), 677, 678, 615, 679, 680, 681, 681, IndirectObject(7234, 0, 5643599152), 685, 686, 713, 687, IndirectObject(7235, 0, 5643599152), 708, 709, 637, 710, 711, 693, 712, 713, 637, 714, 715, 693, 716, 717, 1020, 718, IndirectObject(7236, 0, 5643599152), 722, 723, 420, 724, IndirectObject(7237, 0, 5643599152), 725, 726, 281, 727, 728, 337, 729, 730, 312, 731, 754, 400, 755, 774, 0]
2025-07-11 17:47:07,331 - WARNING - unknown widths : 
[0, IndirectObject(7343, 0, 5675159408), 36, 37, 237, 38, IndirectObject(7344, 0, 5675159408), 43, 44, 570, 45, IndirectObject(7345, 0, 5675159408), 54, 75, 660, 76, IndirectObject(7346, 0, 5675159408), 77, 81, 686, 82, 84, 721, 85, IndirectObject(7347, 0, 5675159408), 86, 102, 597, 103, 108, 728, 109, 112, 730, 113, 123, 276, 124, IndirectObject(7348, 0, 5675159408), 126, 132, 561, 133, IndirectObject(7349, 0, 5675159408), 135, 141, 744, 142, 157, 751, 158, IndirectObject(7350, 0, 5675159408), 159, 164, 751, 165, 170, 642, 171, 177, 606, 178, IndirectObject(7351, 0, 5675159408), 179, 183, 558, 184, 206, 714, 207, 210, 936, 211, 218, 591, 219, 222, 597, 223, IndirectObject(7352, 0, 5675159408), 226, 247, 529, 248, IndirectObject(7353, 0, 5675159408), 249, 253, 506, 254, IndirectObject(7354, 0, 5675159408), 255, 257, 571, 258, 274, 523, 275, 280, 567, 281, 284, 566, 285, 296, 237, 297, IndirectObject(7355, 0, 5675159408), 302, 305, 237, 306, IndirectObject(7356, 0, 5675159408), 308, 315, 566, 316, 331, 550, 332, IndirectObject(7357, 0, 5675159408), 333, 338, 550, 339, 344, 352, 345, 351, 473, 352, IndirectObject(7358, 0, 5675159408), 353, 358, 319, 359, 381, 557, 382, 385, 767, 386, 393, 481, 394, 397, 451, 398, IndirectObject(7359, 0, 5675159408), 408, 409, 559, 410, IndirectObject(7360, 0, 5675159408), 419, 429, 547, 430, 431, 591, 432, IndirectObject(7361, 0, 5675159408), 452, 453, 200, 454, 455, 380, 456, IndirectObject(7362, 0, 5675159408), 458, 459, 369, 460, 461, 546, 462, IndirectObject(7363, 0, 5675159408), 464, 466, 378, 467, IndirectObject(7364, 0, 5675159408), 474, 475, 337, 476, 477, 342, 478, 479, 370, 480, IndirectObject(7365, 0, 5675159408), 485, 486, 508, 487, IndirectObject(7366, 0, 5675159408), 490, 491, 791, 492, IndirectObject(7367, 0, 5675159408), 508, 509, 219, 510, IndirectObject(7368, 0, 5675159408), 525, 526, 219, 527, IndirectObject(7369, 0, 5675159408), 542, 543, 219, 544, IndirectObject(7370, 0, 5675159408), 559, 560, 219, 561, IndirectObject(7371, 0, 5675159408), 594, 595, 355, 596, IndirectObject(7372, 0, 5675159408), 639, 640, 378, 641, IndirectObject(7373, 0, 5675159408), 643, 644, 546, 645, 646, 369, 647, 648, 337, 649, 650, 370, 651, 652, 342, 653, IndirectObject(7374, 0, 5675159408), 654, 655, 203, 656, 658, 186, 659, IndirectObject(7375, 0, 5675159408), 672, 674, 713, 675, IndirectObject(7376, 0, 5675159408), 677, 678, 615, 679, 680, 681, 681, IndirectObject(7377, 0, 5675159408), 685, 686, 713, 687, IndirectObject(7378, 0, 5675159408), 708, 709, 637, 710, 711, 693, 712, 713, 637, 714, 715, 693, 716, 717, 1020, 718, IndirectObject(7379, 0, 5675159408), 722, 723, 420, 724, IndirectObject(7380, 0, 5675159408), 725, 726, 281, 727, 728, 337, 729, 730, 312, 731, 754, 400, 755, 774, 0]
2025-07-11 17:47:07,332 - WARNING - unknown widths : 
[0, IndirectObject(7200, 0, 5675159408), 36, 37, 237, 38, IndirectObject(7201, 0, 5675159408), 43, 44, 570, 45, IndirectObject(7202, 0, 5675159408), 54, 75, 660, 76, IndirectObject(7203, 0, 5675159408), 77, 81, 686, 82, 84, 721, 85, IndirectObject(7204, 0, 5675159408), 86, 102, 597, 103, 108, 728, 109, 112, 730, 113, 123, 276, 124, IndirectObject(7205, 0, 5675159408), 126, 132, 561, 133, IndirectObject(7206, 0, 5675159408), 135, 141, 744, 142, 157, 751, 158, IndirectObject(7207, 0, 5675159408), 159, 164, 751, 165, 170, 642, 171, 177, 606, 178, IndirectObject(7208, 0, 5675159408), 179, 183, 558, 184, 206, 714, 207, 210, 936, 211, 218, 591, 219, 222, 597, 223, IndirectObject(7209, 0, 5675159408), 226, 247, 529, 248, IndirectObject(7210, 0, 5675159408), 249, 253, 506, 254, IndirectObject(7211, 0, 5675159408), 255, 257, 571, 258, 274, 523, 275, 280, 567, 281, 284, 566, 285, 296, 237, 297, IndirectObject(7212, 0, 5675159408), 302, 305, 237, 306, IndirectObject(7213, 0, 5675159408), 308, 315, 566, 316, 331, 550, 332, IndirectObject(7214, 0, 5675159408), 333, 338, 550, 339, 344, 352, 345, 351, 473, 352, IndirectObject(7215, 0, 5675159408), 353, 358, 319, 359, 381, 557, 382, 385, 767, 386, 393, 481, 394, 397, 451, 398, IndirectObject(7216, 0, 5675159408), 408, 409, 559, 410, IndirectObject(7217, 0, 5675159408), 419, 429, 547, 430, 431, 591, 432, IndirectObject(7218, 0, 5675159408), 452, 453, 200, 454, 455, 380, 456, IndirectObject(7219, 0, 5675159408), 458, 459, 369, 460, 461, 546, 462, IndirectObject(7220, 0, 5675159408), 464, 466, 378, 467, IndirectObject(7221, 0, 5675159408), 474, 475, 337, 476, 477, 342, 478, 479, 370, 480, IndirectObject(7222, 0, 5675159408), 485, 486, 508, 487, IndirectObject(7223, 0, 5675159408), 490, 491, 791, 492, IndirectObject(7224, 0, 5675159408), 508, 509, 219, 510, IndirectObject(7225, 0, 5675159408), 525, 526, 219, 527, IndirectObject(7226, 0, 5675159408), 542, 543, 219, 544, IndirectObject(7227, 0, 5675159408), 559, 560, 219, 561, IndirectObject(7228, 0, 5675159408), 594, 595, 355, 596, IndirectObject(7229, 0, 5675159408), 639, 640, 378, 641, IndirectObject(7230, 0, 5675159408), 643, 644, 546, 645, 646, 369, 647, 648, 337, 649, 650, 370, 651, 652, 342, 653, IndirectObject(7231, 0, 5675159408), 654, 655, 203, 656, 658, 186, 659, IndirectObject(7232, 0, 5675159408), 672, 674, 713, 675, IndirectObject(7233, 0, 5675159408), 677, 678, 615, 679, 680, 681, 681, IndirectObject(7234, 0, 5675159408), 685, 686, 713, 687, IndirectObject(7235, 0, 5675159408), 708, 709, 637, 710, 711, 693, 712, 713, 637, 714, 715, 693, 716, 717, 1020, 718, IndirectObject(7236, 0, 5675159408), 722, 723, 420, 724, IndirectObject(7237, 0, 5675159408), 725, 726, 281, 727, 728, 337, 729, 730, 312, 731, 754, 400, 755, 774, 0]
2025-07-11 17:47:38,164 - WARNING - incorrect startxref pointer(3)
2025-07-11 17:47:40,850 - WARNING - unknown widths : 
[0, IndirectObject(545, 0, 5678545648), 1, 2, 0, 3, IndirectObject(546, 0, 5678545648), 4, 14, 579, 15, 16, 763, 17, IndirectObject(547, 0, 5678545648), 18, 23, 533, 24, 25, 615, 26, 27, 625, 28, 37, 488, 38, IndirectObject(548, 0, 5678545648), 39, 43, 631, 44, 45, 623, 46, IndirectObject(549, 0, 5678545648), 47, 56, 252, 57, IndirectObject(550, 0, 5678545648), 58, 59, 319, 60, 61, 520, 62, 63, 420, 64, IndirectObject(551, 0, 5678545648), 69, 73, 646, 74, IndirectObject(552, 0, 5678545648), 75, 83, 662, 84, 85, 664, 86, IndirectObject(553, 0, 5678545648), 87, 88, 517, 89, IndirectObject(554, 0, 5678545648), 90, 93, 543, 94, 99, 459, 100, 103, 487, 104, 114, 642, 115, IndirectObject(555, 0, 5678545648), 116, 120, 890, 121, IndirectObject(556, 0, 5678545648), 122, 126, 487, 127, 130, 468, 131, 141, 494, 142, 143, 670, 144, IndirectObject(557, 0, 5678545648), 145, 150, 474, 151, 152, 549, 153, 154, 558, 155, 164, 438, 165, IndirectObject(558, 0, 5678545648), 166, 170, 563, 171, 172, 559, 173, IndirectObject(559, 0, 5678545648), 174, 183, 240, 184, IndirectObject(560, 0, 5678545648), 185, 186, 280, 187, 188, 473, 189, 190, 359, 191, IndirectObject(561, 0, 5678545648), 196, 200, 571, 201, IndirectObject(562, 0, 5678545648), 202, 210, 583, 211, 212, 591, 213, IndirectObject(563, 0, 5678545648), 214, 215, 471, 216, IndirectObject(564, 0, 5678545648), 217, 220, 491, 221, 226, 414, 227, 230, 418, 231, 241, 569, 242, IndirectObject(565, 0, 5678545648), 243, 247, 780, 248, IndirectObject(566, 0, 5678545648), 249, 253, 439, 254, 257, 426, 258, 268, 479, 269, 270, 773, 271, IndirectObject(567, 0, 5678545648), 272, 277, 423, 278, IndirectObject(568, 0, 5678545648), 280, 281, 750, 282, IndirectObject(569, 0, 5678545648), 286, 295, 498, 296, IndirectObject(570, 0, 5678545648), 302, 305, 529, 306, 309, 539, 310, 311, 529, 312, 315, 808, 316, 319, 817, 320, 321, 808, 322, 323, 529, 324, IndirectObject(571, 0, 5678545648), 327, 328, 529, 329, IndirectObject(572, 0, 5678545648), 332, 333, 616, 334, IndirectObject(573, 0, 5678545648), 336, 340, 471, 341, 347, 525, 348, IndirectObject(574, 0, 5678545648), 349, 358, 229, 359, IndirectObject(575, 0, 5678545648), 361, 363, 239, 364, 366, 455, 367, 368, 229, 369, IndirectObject(576, 0, 5678545648), 374, 378, 525, 379, IndirectObject(577, 0, 5678545648), 381, 389, 527, 390, 391, 529, 392, IndirectObject(578, 0, 5678545648), 393, 395, 525, 396, 399, 349, 400, 405, 391, 406, IndirectObject(579, 0, 5678545648), 414, 423, 557, 424, IndirectObject(580, 0, 5678545648), 426, 435, 856, 436, 446, 525, 447, IndirectObject(581, 0, 5678545648), 448, 452, 715, 453, IndirectObject(582, 0, 5678545648), 454, 458, 453, 459, 462, 395, 463, IndirectObject(583, 0, 5678545648), 479, 482, 362, 483, IndirectObject(584, 0, 5678545648), 495, 496, 0, 497, IndirectObject(585, 0, 5678545648), 500, 501, 0, 502, IndirectObject(586, 0, 5678545648), 505, 506, 0, 507, IndirectObject(587, 0, 5678545648), 510, 511, 0, 512, IndirectObject(588, 0, 5678545648), 516, 517, 0, 518, IndirectObject(589, 0, 5678545648), 522, 523, 0, 524, IndirectObject(590, 0, 5678545648), 527, 528, 0, 529, IndirectObject(591, 0, 5678545648), 532, 533, 0, 534, IndirectObject(592, 0, 5678545648), 537, 538, 0, 539, IndirectObject(593, 0, 5678545648), 545, 546, 0, 547, IndirectObject(594, 0, 5678545648), 549, 550, 226, 551, 552, 0, 553, IndirectObject(595, 0, 5678545648), 559, 560, 579, 561, IndirectObject(596, 0, 5678545648), 564, 565, 488, 566, IndirectObject(597, 0, 5678545648), 567, 568, 623, 569, IndirectObject(598, 0, 5678545648), 570, 572, 252, 573, IndirectObject(599, 0, 5678545648), 578, 579, 662, 580, IndirectObject(600, 0, 5678545648), 583, 586, 487, 587, IndirectObject(601, 0, 5678545648), 590, 591, 664, 592, 593, 494, 594, IndirectObject(602, 0, 5678545648), 597, 598, 438, 599, IndirectObject(603, 0, 5678545648), 600, 601, 559, 602, IndirectObject(604, 0, 5678545648), 603, 605, 240, 606, IndirectObject(605, 0, 5678545648), 611, 612, 583, 613, IndirectObject(606, 0, 5678545648), 617, 619, 439, 620, IndirectObject(607, 0, 5678545648), 623, 624, 586, 625, 626, 567, 627, IndirectObject(608, 0, 5678545648), 631, 632, 456, 633, IndirectObject(609, 0, 5678545648), 634, 635, 537, 636, IndirectObject(610, 0, 5678545648), 638, 641, 274, 642, IndirectObject(611, 0, 5678545648), 646, 647, 376, 648, 649, 527, 650, IndirectObject(612, 0, 5678545648), 655, 658, 542, 659, IndirectObject(613, 0, 5678545648), 663, 664, 696, 665, IndirectObject(614, 0, 5678545648), 668, 670, 252, 671, IndirectObject(615, 0, 5678545648), 672, 673, 250, 674, IndirectObject(616, 0, 5678545648), 677, 678, 430, 679, IndirectObject(617, 0, 5678545648), 681, 683, 488, 684, IndirectObject(618, 0, 5678545648), 686, 688, 642, 689, 690, 252, 691, IndirectObject(619, 0, 5678545648), 692, 693, 543, 694, IndirectObject(620, 0, 5678545648), 699, 700, 662, 701, IndirectObject(621, 0, 5678545648), 706, 707, 527, 708, IndirectObject(622, 0, 5678545648), 729, 730, 385, 731, IndirectObject(623, 0, 5678545648), 733, 735, 438, 736, IndirectObject(624, 0, 5678545648), 738, 740, 567, 741, 742, 240, 743, IndirectObject(625, 0, 5678545648), 744, 745, 474, 746, IndirectObject(626, 0, 5678545648), 749, 750, 583, 751, IndirectObject(627, 0, 5678545648), 756, 757, 452, 758, IndirectObject(628, 0, 5678545648), 782, 783, 346, 784, IndirectObject(629, 0, 5678545648), 786, 788, 498, 789, IndirectObject(630, 0, 5678545648), 791, 793, 541, 794, 795, 229, 796, IndirectObject(631, 0, 5678545648), 797, 798, 464, 799, IndirectObject(632, 0, 5678545648), 811, 812, 453, 813, IndirectObject(633, 0, 5678545648), 831, 833, 429, 834, 835, 0, 836, 838, 326, 839, 841, 463, 842, IndirectObject(634, 0, 5678545648), 843, 844, 297, 845, IndirectObject(635, 0, 5678545648), 848, 849, 268, 850, IndirectObject(636, 0, 5678545648), 852, 855, 250, 856, 859, 418, 860, IndirectObject(637, 0, 5678545648), 862, 865, 339, 866, 869, 512, 870, IndirectObject(638, 0, 5678545648), 876, 877, 306, 878, 879, 498, 880, 883, 905, 884, 885, 498, 886, 887, 252, 888, 889, 303, 890, 891, 307, 892, 893, 314, 894, 895, 281, 896, 897, 286, 898, 899, 303, 900, 901, 307, 902, 903, 314, 904, 907, 498, 908, IndirectObject(639, 0, 5678545648), 910, 911, 498, 912, IndirectObject(640, 0, 5678545648), 920, 921, 834, 922, IndirectObject(641, 0, 5678545648), 932, 933, 498, 934, IndirectObject(642, 0, 5678545648), 940, 941, 453, 942, IndirectObject(643, 0, 5678545648), 949, 950, 490, 951, IndirectObject(644, 0, 5678545648), 955, 956, 526, 957, 966, 507, 967, IndirectObject(645, 0, 5678545648), 977, 986, 453, 987, IndirectObject(646, 0, 5678545648), 989, 990, 490, 991, IndirectObject(647, 0, 5678545648), 995, 996, 526, 997, 1006, 507, 1007, IndirectObject(648, 0, 5678545648), 1020, 1021, 217, 1022, IndirectObject(649, 0, 5678545648), 1035, 1036, 217, 1037, IndirectObject(650, 0, 5678545648), 1040, 1041, 286, 1042, IndirectObject(651, 0, 5678545648), 1050, 1051, 286, 1052, IndirectObject(652, 0, 5678545648), 1065, 1066, 723, 1067, IndirectObject(653, 0, 5678545648), 1078, 1090, 498, 1091, IndirectObject(654, 0, 5678545648), 1103, 1106, 905, 1107, 1110, 882, 1111, IndirectObject(655, 0, 5678545648), 1115, 1131, 550, 1132, 1143, 579, 1144, 1151, 488, 1152, 1153, 252, 1154, 1160, 662, 1161, 1166, 697, 1167, 1168, 642, 1169, 1174, 722, 1175, 1177, 487, 1178, 1189, 479, 1190, 1197, 498, 1198, 1199, 229, 1200, 1206, 527, 1207, 1212, 578, 1213, 1214, 525, 1215, 1220, 603, 1221, 1223, 453, 1224, IndirectObject(656, 0, 5678545648), 1226, 1237, 494, 1238, 1245, 438, 1246, 1247, 240, 1248, 1254, 583, 1255, 1260, 615, 1261, 1262, 569, 1263, 1268, 635, 1269, 1271, 439, 1272, IndirectObject(657, 0, 5678545648), 1273, 1280, 550, 1281, IndirectObject(658, 0, 5678545648), 1282, 1283, 643, 1284, IndirectObject(659, 0, 5678545648), 1285, 1286, 572, 1287, IndirectObject(660, 0, 5678545648), 1292, 1294, 529, 1295, 1297, 808, 1298, IndirectObject(661, 0, 5678545648), 1311, 1312, 432, 1313, IndirectObject(662, 0, 5678545648), 1325, 1326, 550, 1327, 1328, 469, 1329, 1331, 381, 1332, 1333, 250, 1334, 1335, 0, 1336, 1342, 333, 1343, 1344, 312, 1345, IndirectObject(663, 0, 5678545648), 1347, 1348, 333, 1349, 1356, 0, 1357, IndirectObject(664, 0, 5678545648), 1359, 1360, 333, 1361, 1362, 450, 1363, 1368, 0, 1369, IndirectObject(665, 0, 5678545648), 1370, 1371, 500, 1372, IndirectObject(666, 0, 5678545648), 1376, 1377, 333, 1378, IndirectObject(667, 0, 5678545648), 1383, 1386, 920, 1387, IndirectObject(668, 0, 5678545648), 1388, 1389, 920, 1390, IndirectObject(669, 0, 5678545648), 1403, 1404, 394, 1405, IndirectObject(670, 0, 5678545648), 1440, 1441, 474, 1442, IndirectObject(671, 0, 5678545648), 1452, 1456, 642, 1457, 1458, 579, 1459, IndirectObject(672, 0, 5678545648), 1460, 1461, 631, 1462, IndirectObject(673, 0, 5678545648), 1463, 1464, 662, 1465, IndirectObject(674, 0, 5678545648), 1472, 1473, 579, 1474, 1475, 488, 1476, 1477, 252, 1478, 1479, 662, 1480, 1481, 543, 1482, 1483, 642, 1484, IndirectObject(675, 0, 5678545648), 1491, 1494, 662, 1495, IndirectObject(676, 0, 5678545648), 1510, 1512, 544, 1513, IndirectObject(677, 0, 5678545648), 1514, 1518, 615, 1519, 1523, 488, 1524, IndirectObject(678, 0, 5678545648), 1526, 1530, 623, 1531, 1532, 252, 1533, 1535, 520, 1536, 1539, 420, 1540, 1542, 855, 1543, 1546, 646, 1547, 1550, 662, 1551, 1552, 517, 1553, 1556, 543, 1557, 1561, 459, 1562, 1565, 487, 1566, 1570, 642, 1571, 1572, 567, 1573, 1574, 890, 1575, 1576, 519, 1577, IndirectObject(679, 0, 5678545648), 1578, 1580, 468, 1581, IndirectObject(680, 0, 5678545648), 1592, 1593, 525, 1594, IndirectObject(681, 0, 5678545648), 1620, 1624, 525, 1625, IndirectObject(682, 0, 5678545648), 1626, 1627, 479, 1628, IndirectObject(683, 0, 5678545648), 1632, 1633, 527, 1634, IndirectObject(684, 0, 5678545648), 1639, 1640, 479, 1641, 1642, 498, 1643, 1644, 229, 1645, 1646, 527, 1647, 1648, 349, 1649, 1650, 525, 1651, IndirectObject(685, 0, 5678545648), 1658, 1661, 527, 1662, IndirectObject(686, 0, 5678545648), 1673, 1674, 281, 1675, IndirectObject(687, 0, 5678545648), 1686, 1688, 525, 1689, IndirectObject(688, 0, 5678545648), 1690, 1694, 525, 1695, 1699, 498, 1700, IndirectObject(689, 0, 5678545648), 1702, 1706, 525, 1707, 1709, 229, 1710, 1712, 455, 1713, 1716, 229, 1717, 1719, 799, 1720, 1723, 525, 1724, 1727, 527, 1728, 1729, 525, 1730, 1733, 349, 1734, 1738, 391, 1739, 1742, 335, 1743, 1747, 525, 1748, 1749, 452, 1750, 1751, 715, 1752, 1753, 433, 1754, IndirectObject(690, 0, 5678545648), 1755, 1757, 395, 1758, IndirectObject(691, 0, 5678545648), 1776, 1777, 491, 1778, IndirectObject(692, 0, 5678545648), 1818, 1822, 569, 1823, 1824, 494, 1825, IndirectObject(693, 0, 5678545648), 1826, 1827, 563, 1828, IndirectObject(694, 0, 5678545648), 1829, 1830, 583, 1831, IndirectObject(695, 0, 5678545648), 1838, 1839, 494, 1840, 1841, 438, 1842, 1843, 240, 1844, 1845, 583, 1846, 1847, 491, 1848, 1849, 569, 1850, IndirectObject(696, 0, 5678545648), 1857, 1860, 583, 1861, IndirectObject(697, 0, 5678545648), 1882, 1884, 502, 1885, IndirectObject(698, 0, 5678545648), 1886, 1890, 549, 1891, 1895, 438, 1896, IndirectObject(699, 0, 5678545648), 1898, 1902, 559, 1903, 1904, 240, 1905, 1907, 473, 1908, 1911, 359, 1912, 1914, 753, 1915, 1918, 571, 1919, 1922, 583, 1923, 1924, 471, 1925, 1928, 491, 1929, 1933, 414, 1934, 1937, 418, 1938, 1942, 569, 1943, 1944, 499, 1945, 1946, 780, 1947, 1948, 475, 1949, IndirectObject(700, 0, 5678545648), 1950, 1952, 426, 1953, IndirectObject(701, 0, 5678545648), 1968, 1969, 529, 1970, 1971, 535, 1972, 1973, 529, 1974, IndirectObject(702, 0, 5678545648), 1975, 1976, 529, 1977, 1978, 808, 1979, 1980, 813, 1981, 1982, 808, 1983, IndirectObject(703, 0, 5678545648), 1984, 1985, 808, 1986, 1994, 557, 1995, 2003, 856, 2004, IndirectObject(704, 0, 5678545648), 2005, 2007, 525, 2008, IndirectObject(705, 0, 5678545648), 2010, 2011, 525, 2012, 2013, 498, 2014, IndirectObject(706, 0, 5678545648), 2015, 2016, 423, 2017, IndirectObject(707, 0, 5678545648), 2020, 2021, 525, 2022, IndirectObject(708, 0, 5678545648), 2025, 2027, 525, 2028, IndirectObject(709, 0, 5678545648), 2036, 2037, 798, 2038, IndirectObject(710, 0, 5678545648), 2039, 2040, 525, 2041, IndirectObject(711, 0, 5678545648), 2046, 2050, 349, 2051, 2052, 319, 2053, 2054, 449, 2055, IndirectObject(712, 0, 5678545648), 2060, 2061, 335, 2062, IndirectObject(713, 0, 5678545648), 2073, 2075, 447, 2076, IndirectObject(714, 0, 5678545648), 2086, 2087, 447, 2088, IndirectObject(715, 0, 5678545648), 2097, 2098, 492, 2099, IndirectObject(716, 0, 5678545648), 2123, 2124, 527, 2125, IndirectObject(717, 0, 5678545648), 2126, 2127, 476, 2128, IndirectObject(718, 0, 5678545648), 2150, 2151, 332, 2152, IndirectObject(719, 0, 5678545648), 2159, 2161, 432, 2162, IndirectObject(720, 0, 5678545648), 2168, 2169, 334, 2170, IndirectObject(721, 0, 5678545648), 2172, 2173, 362, 2174, 2175, 340, 2176, 2177, 308, 2178, IndirectObject(722, 0, 5678545648), 2182, 2183, 362, 2184, IndirectObject(723, 0, 5678545648), 2185, 2187, 362, 2188, IndirectObject(724, 0, 5678545648), 2248, 2249, 423, 2250, IndirectObject(725, 0, 5678545648), 2261, 2262, 219, 2263, IndirectObject(726, 0, 5678545648), 2273, 2274, 542, 2275, IndirectObject(727, 0, 5678545648), 2285, 2286, 362, 2287, IndirectObject(728, 0, 5678545648), 2293, 2294, 364, 2295, IndirectObject(729, 0, 5678545648), 2296, 2297, 245, 2298, IndirectObject(730, 0, 5678545648), 2304, 2306, 250, 2307, 2308, 226, 2309, 2310, 325, 2311, 2312, 498, 2313, 2314, 537, 2315, IndirectObject(731, 0, 5678545648), 2322, 2323, 278, 2324, 2325, 226, 2326, 2331, 333, 2332, IndirectObject(732, 0, 5678545648), 2337, 2341, 383, 2342, 2345, 542, 2346, IndirectObject(733, 0, 5678545648), 2347, 2357, 542, 2358, IndirectObject(734, 0, 5678545648), 2359, 2363, 542, 2364, IndirectObject(735, 0, 5678545648), 2365, 2369, 542, 2370, IndirectObject(736, 0, 5678545648), 2371, 2379, 542, 2380, IndirectObject(737, 0, 5678545648), 2381, 2391, 542, 2392, IndirectObject(738, 0, 5678545648), 2393, 2397, 542, 2398, IndirectObject(739, 0, 5678545648), 2399, 2403, 542, 2404, IndirectObject(740, 0, 5678545648), 2405, 2413, 542, 2414, IndirectObject(741, 0, 5678545648), 2415, 2419, 542, 2420, IndirectObject(742, 0, 5678545648), 2421, 2425, 542, 2426, IndirectObject(743, 0, 5678545648), 2427, 2431, 542, 2432, IndirectObject(744, 0, 5678545648), 2433, 2437, 542, 2438, IndirectObject(745, 0, 5678545648), 2439, 2447, 542, 2448, IndirectObject(746, 0, 5678545648), 2449, 2453, 542, 2454, IndirectObject(747, 0, 5678545648), 2455, 2459, 542, 2460, IndirectObject(748, 0, 5678545648), 2461, 2465, 542, 2466, IndirectObject(749, 0, 5678545648), 2467, 2471, 542, 2472, IndirectObject(750, 0, 5678545648), 2473, 2481, 542, 2482, 2483, 333, 2484, IndirectObject(751, 0, 5678545648), 2487, 2490, 333, 2491, IndirectObject(752, 0, 5678545648), 2493, 2494, 469, 2495, IndirectObject(753, 0, 5678545648), 2497, 2500, 333, 2501, 2502, 531, 2503, IndirectObject(754, 0, 5678545648), 2504, 2505, 394, 2506, IndirectObject(755, 0, 5678545648), 2508, 2509, 884, 2510, IndirectObject(756, 0, 5678545648), 2516, 2518, 395, 2519, 2522, 550, 2523, IndirectObject(757, 0, 5678545648), 2524, 2527, 533, 2528, IndirectObject(758, 0, 5678545648), 2539, 2540, 432, 2541, IndirectObject(759, 0, 5678545648), 2544, 2545, 509, 2546, 2549, 423, 2550, IndirectObject(760, 0, 5678545648), 2561, 2564, 474, 2565, 2567, 442, 2568, IndirectObject(761, 0, 5678545648), 2575, 2595, 579, 2596, 2604, 799, 2605, IndirectObject(762, 0, 5678545648), 2606, 2607, 592, 2608, IndirectObject(763, 0, 5678545648), 2611, 2612, 488, 2613, IndirectObject(764, 0, 5678545648), 2614, 2615, 727, 2616, IndirectObject(765, 0, 5678545648), 2618, 2619, 727, 2620, IndirectObject(766, 0, 5678545648), 2621, 2624, 623, 2625, 2626, 727, 2627, IndirectObject(767, 0, 5678545648), 2629, 2630, 727, 2631, IndirectObject(768, 0, 5678545648), 2632, 2633, 844, 2634, 2635, 948, 2636, IndirectObject(769, 0, 5678545648), 2638, 2639, 948, 2640, IndirectObject(770, 0, 5678545648), 2642, 2643, 356, 2644, IndirectObject(771, 0, 5678545648), 2646, 2647, 356, 2648, IndirectObject(772, 0, 5678545648), 2649, 2652, 252, 2653, IndirectObject(773, 0, 5678545648), 2659, 2660, 662, 2661, IndirectObject(774, 0, 5678545648), 2666, 2669, 487, 2670, IndirectObject(775, 0, 5678545648), 2678, 2681, 664, 2682, IndirectObject(776, 0, 5678545648), 2689, 2690, 885, 2691, IndirectObject(777, 0, 5678545648), 2698, 2722, 567, 2723, 2730, 456, 2731, 2753, 537, 2754, 2769, 274, 2770, 2777, 527, 2778, 2779, 509, 2780, 2795, 542, 2796, 2818, 696, 2819, 2840, 494, 2841, 2849, 715, 2850, 2857, 438, 2858, 2877, 559, 2878, 2886, 779, 2887, 2902, 240, 2903, 2910, 583, 2911, 2912, 471, 2913, IndirectObject(778, 0, 5678545648), 2939, 2958, 586, 2959, 2967, 807, 2968, 2976, 579, 2977, 2978, 623, 2979, 2980, 727, 2981, IndirectObject(779, 0, 5678545648), 2983, 2984, 727, 2985, IndirectObject(780, 0, 5678545648), 2986, 2987, 664, 2988, IndirectObject(781, 0, 5678545648), 2995, 3003, 799, 3004, 3005, 844, 3006, 3007, 948, 3008, 3009, 844, 3010, 3011, 948, 3012, IndirectObject(782, 0, 5678545648), 3013, 3014, 885, 3015, IndirectObject(783, 0, 5678545648), 3017, 3018, 885, 3019, IndirectObject(784, 0, 5678545648), 3022, 3023, 231, 3024, 3025, 317, 3026, IndirectObject(785, 0, 5678545648), 3027, 3028, 395, 3029, IndirectObject(786, 0, 5678545648), 3030, 3031, 395, 3032, IndirectObject(787, 0, 5678545648), 3033, 3034, 494, 3035, IndirectObject(788, 0, 5678545648), 3038, 3039, 221, 3040, IndirectObject(789, 0, 5678545648), 3056, 3058, 487, 3059, IndirectObject(790, 0, 5678545648), 3062, 3063, 556, 3064, 3065, 745, 3066, IndirectObject(791, 0, 5678545648), 3070, 3071, 623, 3072, IndirectObject(792, 0, 5678545648), 3074, 3075, 579, 3076, IndirectObject(793, 0, 5678545648), 3078, 3079, 643, 3080, IndirectObject(794, 0, 5678545648), 3081, 3082, 474, 3083, 3084, 642, 3085, 3087, 662, 3088, IndirectObject(795, 0, 5678545648), 3089, 3091, 527, 3092, IndirectObject(796, 0, 5678545648), 3125, 3126, 452, 3127, IndirectObject(797, 0, 5678545648), 3130, 3131, 469, 3132, 3133, 598, 3134, IndirectObject(798, 0, 5678545648), 3142, 3143, 479, 3144, IndirectObject(799, 0, 5678545648), 3145, 3147, 498, 3148, IndirectObject(800, 0, 5678545648), 3151, 3152, 541, 3153, IndirectObject(801, 0, 5678545648), 3154, 3155, 524, 3156, IndirectObject(802, 0, 5678545648), 3157, 3159, 453, 3160, IndirectObject(803, 0, 5678545648), 3184, 3185, 474, 3186, IndirectObject(804, 0, 5678545648), 3193, 3194, 439, 3195, IndirectObject(805, 0, 5678545648), 3198, 3199, 497, 3200, 3201, 664, 3202, IndirectObject(806, 0, 5678545648), 3210, 3211, 494, 3212, IndirectObject(807, 0, 5678545648), 3214, 3215, 579, 3216, IndirectObject(808, 0, 5678545648), 3219, 3220, 567, 3221, 3223, 583, 3224, IndirectObject(809, 0, 5678545648), 3225, 3227, 452, 3228, IndirectObject(810, 0, 5678545648), 3246, IndirectObject(811, 0, 5678545648), 3248, IndirectObject(812, 0, 5678545648), 3255, 3257, 0, 3258, 3259, 507, 3260, IndirectObject(813, 0, 5678545648), 3271, 3272, 533, 3273, IndirectObject(814, 0, 5678545648), 3296, 3297, 540, 3298, 3303, 500, 3304, IndirectObject(815, 0, 5678545648), 3317, 3319, 394, 3320, 3321, 291, 3322, IndirectObject(816, 0, 5678545648), 3337, 3338, 928, 3339, IndirectObject(817, 0, 5678545648), 3371, 3372, 0, 3373, IndirectObject(818, 0, 5678545648), 3380, 3381, 354, 3382, IndirectObject(819, 0, 5678545648), 3384, 3392, 1328, 3393, 3397, 0, 3398, 3399, 450, 3400, 3402, 393, 3403, IndirectObject(820, 0, 5678545648), 3404, 3405, 393, 3406, IndirectObject(821, 0, 5678545648), 3407, 3408, 395, 3409, IndirectObject(822, 0, 5678545648), 3415, 3418, 0, 3419, 3428, 393, 3429, 3430, 0, 3431, 3432, 450, 3433, IndirectObject(823, 0, 5678545648), 3437, 3438, 409, 3439, IndirectObject(824, 0, 5678545648), 3440, 3441, 410, 3442, 3443, 454, 3444, IndirectObject(825, 0, 5678545648), 3445, 3451, 0, 3452, IndirectObject(826, 0, 5678545648), 3455, 3458, 487, 3459, 3461, 494, 3462, 3464, 715, 3465, 3467, 559, 3468, 3470, 779, 3471, 3473, 439, 3474, 3476, 586, 3477, 3479, 807, 3480, 3675, 0, 3676, IndirectObject(827, 0, 5678545648), 3677, 3679, 442, 3680, IndirectObject(828, 0, 5678545648), 3681, 3684, 525, 3685, IndirectObject(829, 0, 5678545648), 3686, 3717, 1328, 3718, IndirectObject(830, 0, 5678545648), 3719, 3722, 507]
2025-07-11 17:48:01,638 - WARNING - incorrect startxref pointer(3)
2025-07-11 17:48:29,859 - WARNING - incorrect startxref pointer(3)
2025-07-11 17:48:30,669 - WARNING - incorrect startxref pointer(3)
2025-07-11 17:48:34,152 - WARNING - incorrect startxref pointer(3)
2025-07-11 17:48:57,396 - INFO - Loaded 1833 CV samples from 254 jobs
2025-07-11 17:48:57,399 - INFO - Stage distribution:
stage
REJECT       1193
SHORTLIST     432
INTERVIEW     158
ACCEPT         50
Name: count, dtype: int64
2025-07-11 17:48:57,399 - INFO - Preparing features...
2025-07-11 17:49:01,228 - INFO - Feature shape: (1833, 15)
2025-07-11 17:49:01,228 - INFO - Label distribution: [1193  432  158   50]
2025-07-11 17:49:01,228 - INFO - Starting model training...
2025-07-11 17:49:01,228 - INFO - Minimum samples per class: 50
2025-07-11 17:49:01,230 - INFO - Training set: (1466, 15), Test set: (367, 15)
2025-07-11 17:49:01,230 - INFO - Training ensemble models...
2025-07-11 17:49:09,091 - INFO - Evaluating models...
2025-07-11 17:49:09,116 - INFO - Classes found in data: [0 1 2 3]
2025-07-11 17:49:09,116 - INFO - Using stage names: ['REJECT', 'SHORTLIST', 'INTERVIEW', 'ACCEPT']
2025-07-11 17:49:09,118 - INFO - 
Classification Report:
2025-07-11 17:49:09,120 - INFO -               precision    recall  f1-score   support

      REJECT       0.72      0.95      0.82       239
   SHORTLIST       0.43      0.23      0.30        86
   INTERVIEW       0.25      0.03      0.06        32
      ACCEPT       0.00      0.00      0.00        10

    accuracy                           0.67       367
   macro avg       0.35      0.30      0.29       367
weighted avg       0.59      0.67      0.61       367

2025-07-11 17:49:09,290 - INFO - Analyzing feature importance...
2025-07-11 17:49:09,300 - INFO - 
Top 10 Most Important Features:
2025-07-11 17:49:09,300 - INFO - 1. Text Similarity: 0.3318
2025-07-11 17:49:09,300 - INFO - 2. Total Skills: 0.1329
2025-07-11 17:49:09,300 - INFO - 3. Industry Keywords: 0.1229
2025-07-11 17:49:09,300 - INFO - 4. Experience Ratio: 0.0985
2025-07-11 17:49:09,300 - INFO - 5. Experience Years: 0.0974
2025-07-11 17:49:09,300 - INFO - 6. Certifications: 0.0755
2025-07-11 17:49:09,300 - INFO - 7. Achievements: 0.0547
2025-07-11 17:49:09,300 - INFO - 8. Communication Score: 0.0545
2025-07-11 17:49:09,300 - INFO - 9. Education Level: 0.0097
2025-07-11 17:49:09,300 - INFO - 10. Meets Experience: 0.0084
2025-07-11 17:49:09,343 - INFO - Saving results...
2025-07-11 17:49:09,395 - INFO - Results saved successfully!
2025-07-11 17:49:09,395 - INFO - ==================================================
2025-07-11 17:49:09,395 - INFO - Training completed successfully!
2025-07-11 17:49:09,395 - INFO - Overall accuracy: 67.30%
2025-07-11 17:49:09,395 - INFO - ==================================================
2025-07-11 17:52:14,620 - INFO - ==================================================
2025-07-11 17:52:14,620 - INFO - Starting Recruitment AI Training Pipeline
2025-07-11 17:52:14,620 - INFO - ==================================================
2025-07-11 17:52:14,620 - INFO - Loading data from jobs
2025-07-11 17:52:14,623 - INFO - Found 254 job folders to process
2025-07-11 17:52:22,173 - WARNING - Previous trailer can not be read ("'NumberObject' object is not subscriptable",)
2025-07-11 17:52:22,174 - WARNING - Object ID 8,0 ref repaired
2025-07-11 17:52:22,174 - WARNING - Object 5 0 found
2025-07-11 17:52:22,175 - WARNING - Object ID 10,0 ref repaired
2025-07-11 17:52:22,175 - WARNING - Object 1 0 found
2025-07-11 17:52:22,176 - WARNING - Object ID 20,0 ref repaired
2025-07-11 17:52:22,176 - WARNING - Object ID 24,0 ref repaired
2025-07-11 17:52:22,176 - WARNING - Object ID 16,0 ref repaired
2025-07-11 17:52:22,176 - WARNING - Object ID 25,0 ref repaired
2025-07-11 17:52:22,179 - WARNING - Object ID 15,0 ref repaired
2025-07-11 17:52:22,181 - WARNING - Object ID 19,0 ref repaired
2025-07-11 17:52:22,183 - WARNING - Object ID 18,0 ref repaired
2025-07-11 17:52:22,185 - WARNING - Object ID 13,0 ref repaired
2025-07-11 17:52:22,187 - WARNING - Object ID 12,0 ref repaired
2025-07-11 17:52:22,209 - WARNING - Object 2 0 found
2025-07-11 17:52:22,210 - WARNING - Object 3 0 found
2025-07-11 17:52:22,581 - WARNING - incorrect startxref pointer(3)
2025-07-11 17:52:29,523 - WARNING - XRef object at -1 can not be read, some object may be missing
2025-07-11 17:52:30,160 - WARNING - Previous trailer can not be read ("'NumberObject' object is not subscriptable",)
2025-07-11 17:52:30,160 - WARNING - Object ID 8,0 ref repaired
2025-07-11 17:52:30,161 - WARNING - Object 5 0 found
2025-07-11 17:52:30,161 - WARNING - Object ID 10,0 ref repaired
2025-07-11 17:52:30,162 - WARNING - Object 1 0 found
2025-07-11 17:52:30,162 - WARNING - Object ID 20,0 ref repaired
2025-07-11 17:52:30,162 - WARNING - Object ID 24,0 ref repaired
2025-07-11 17:52:30,162 - WARNING - Object ID 16,0 ref repaired
2025-07-11 17:52:30,163 - WARNING - Object ID 25,0 ref repaired
2025-07-11 17:52:30,165 - WARNING - Object ID 15,0 ref repaired
2025-07-11 17:52:30,167 - WARNING - Object ID 19,0 ref repaired
2025-07-11 17:52:30,169 - WARNING - Object ID 18,0 ref repaired
2025-07-11 17:52:30,171 - WARNING - Object ID 13,0 ref repaired
2025-07-11 17:52:30,173 - WARNING - Object ID 12,0 ref repaired
2025-07-11 17:52:30,195 - WARNING - Object 2 0 found
2025-07-11 17:52:30,196 - WARNING - Object 3 0 found
2025-07-11 17:52:31,463 - WARNING - unknown widths : 
[0, IndirectObject(7343, 0, 5819751728), 36, 37, 237, 38, IndirectObject(7344, 0, 5819751728), 43, 44, 570, 45, IndirectObject(7345, 0, 5819751728), 54, 75, 660, 76, IndirectObject(7346, 0, 5819751728), 77, 81, 686, 82, 84, 721, 85, IndirectObject(7347, 0, 5819751728), 86, 102, 597, 103, 108, 728, 109, 112, 730, 113, 123, 276, 124, IndirectObject(7348, 0, 5819751728), 126, 132, 561, 133, IndirectObject(7349, 0, 5819751728), 135, 141, 744, 142, 157, 751, 158, IndirectObject(7350, 0, 5819751728), 159, 164, 751, 165, 170, 642, 171, 177, 606, 178, IndirectObject(7351, 0, 5819751728), 179, 183, 558, 184, 206, 714, 207, 210, 936, 211, 218, 591, 219, 222, 597, 223, IndirectObject(7352, 0, 5819751728), 226, 247, 529, 248, IndirectObject(7353, 0, 5819751728), 249, 253, 506, 254, IndirectObject(7354, 0, 5819751728), 255, 257, 571, 258, 274, 523, 275, 280, 567, 281, 284, 566, 285, 296, 237, 297, IndirectObject(7355, 0, 5819751728), 302, 305, 237, 306, IndirectObject(7356, 0, 5819751728), 308, 315, 566, 316, 331, 550, 332, IndirectObject(7357, 0, 5819751728), 333, 338, 550, 339, 344, 352, 345, 351, 473, 352, IndirectObject(7358, 0, 5819751728), 353, 358, 319, 359, 381, 557, 382, 385, 767, 386, 393, 481, 394, 397, 451, 398, IndirectObject(7359, 0, 5819751728), 408, 409, 559, 410, IndirectObject(7360, 0, 5819751728), 419, 429, 547, 430, 431, 591, 432, IndirectObject(7361, 0, 5819751728), 452, 453, 200, 454, 455, 380, 456, IndirectObject(7362, 0, 5819751728), 458, 459, 369, 460, 461, 546, 462, IndirectObject(7363, 0, 5819751728), 464, 466, 378, 467, IndirectObject(7364, 0, 5819751728), 474, 475, 337, 476, 477, 342, 478, 479, 370, 480, IndirectObject(7365, 0, 5819751728), 485, 486, 508, 487, IndirectObject(7366, 0, 5819751728), 490, 491, 791, 492, IndirectObject(7367, 0, 5819751728), 508, 509, 219, 510, IndirectObject(7368, 0, 5819751728), 525, 526, 219, 527, IndirectObject(7369, 0, 5819751728), 542, 543, 219, 544, IndirectObject(7370, 0, 5819751728), 559, 560, 219, 561, IndirectObject(7371, 0, 5819751728), 594, 595, 355, 596, IndirectObject(7372, 0, 5819751728), 639, 640, 378, 641, IndirectObject(7373, 0, 5819751728), 643, 644, 546, 645, 646, 369, 647, 648, 337, 649, 650, 370, 651, 652, 342, 653, IndirectObject(7374, 0, 5819751728), 654, 655, 203, 656, 658, 186, 659, IndirectObject(7375, 0, 5819751728), 672, 674, 713, 675, IndirectObject(7376, 0, 5819751728), 677, 678, 615, 679, 680, 681, 681, IndirectObject(7377, 0, 5819751728), 685, 686, 713, 687, IndirectObject(7378, 0, 5819751728), 708, 709, 637, 710, 711, 693, 712, 713, 637, 714, 715, 693, 716, 717, 1020, 718, IndirectObject(7379, 0, 5819751728), 722, 723, 420, 724, IndirectObject(7380, 0, 5819751728), 725, 726, 281, 727, 728, 337, 729, 730, 312, 731, 754, 400, 755, 774, 0]
2025-07-11 17:52:31,463 - WARNING - unknown widths : 
[0, IndirectObject(7200, 0, 5819751728), 36, 37, 237, 38, IndirectObject(7201, 0, 5819751728), 43, 44, 570, 45, IndirectObject(7202, 0, 5819751728), 54, 75, 660, 76, IndirectObject(7203, 0, 5819751728), 77, 81, 686, 82, 84, 721, 85, IndirectObject(7204, 0, 5819751728), 86, 102, 597, 103, 108, 728, 109, 112, 730, 113, 123, 276, 124, IndirectObject(7205, 0, 5819751728), 126, 132, 561, 133, IndirectObject(7206, 0, 5819751728), 135, 141, 744, 142, 157, 751, 158, IndirectObject(7207, 0, 5819751728), 159, 164, 751, 165, 170, 642, 171, 177, 606, 178, IndirectObject(7208, 0, 5819751728), 179, 183, 558, 184, 206, 714, 207, 210, 936, 211, 218, 591, 219, 222, 597, 223, IndirectObject(7209, 0, 5819751728), 226, 247, 529, 248, IndirectObject(7210, 0, 5819751728), 249, 253, 506, 254, IndirectObject(7211, 0, 5819751728), 255, 257, 571, 258, 274, 523, 275, 280, 567, 281, 284, 566, 285, 296, 237, 297, IndirectObject(7212, 0, 5819751728), 302, 305, 237, 306, IndirectObject(7213, 0, 5819751728), 308, 315, 566, 316, 331, 550, 332, IndirectObject(7214, 0, 5819751728), 333, 338, 550, 339, 344, 352, 345, 351, 473, 352, IndirectObject(7215, 0, 5819751728), 353, 358, 319, 359, 381, 557, 382, 385, 767, 386, 393, 481, 394, 397, 451, 398, IndirectObject(7216, 0, 5819751728), 408, 409, 559, 410, IndirectObject(7217, 0, 5819751728), 419, 429, 547, 430, 431, 591, 432, IndirectObject(7218, 0, 5819751728), 452, 453, 200, 454, 455, 380, 456, IndirectObject(7219, 0, 5819751728), 458, 459, 369, 460, 461, 546, 462, IndirectObject(7220, 0, 5819751728), 464, 466, 378, 467, IndirectObject(7221, 0, 5819751728), 474, 475, 337, 476, 477, 342, 478, 479, 370, 480, IndirectObject(7222, 0, 5819751728), 485, 486, 508, 487, IndirectObject(7223, 0, 5819751728), 490, 491, 791, 492, IndirectObject(7224, 0, 5819751728), 508, 509, 219, 510, IndirectObject(7225, 0, 5819751728), 525, 526, 219, 527, IndirectObject(7226, 0, 5819751728), 542, 543, 219, 544, IndirectObject(7227, 0, 5819751728), 559, 560, 219, 561, IndirectObject(7228, 0, 5819751728), 594, 595, 355, 596, IndirectObject(7229, 0, 5819751728), 639, 640, 378, 641, IndirectObject(7230, 0, 5819751728), 643, 644, 546, 645, 646, 369, 647, 648, 337, 649, 650, 370, 651, 652, 342, 653, IndirectObject(7231, 0, 5819751728), 654, 655, 203, 656, 658, 186, 659, IndirectObject(7232, 0, 5819751728), 672, 674, 713, 675, IndirectObject(7233, 0, 5819751728), 677, 678, 615, 679, 680, 681, 681, IndirectObject(7234, 0, 5819751728), 685, 686, 713, 687, IndirectObject(7235, 0, 5819751728), 708, 709, 637, 710, 711, 693, 712, 713, 637, 714, 715, 693, 716, 717, 1020, 718, IndirectObject(7236, 0, 5819751728), 722, 723, 420, 724, IndirectObject(7237, 0, 5819751728), 725, 726, 281, 727, 728, 337, 729, 730, 312, 731, 754, 400, 755, 774, 0]
2025-07-11 17:53:05,286 - WARNING - unknown widths : 
[0, IndirectObject(7343, 0, 5844389744), 36, 37, 237, 38, IndirectObject(7344, 0, 5844389744), 43, 44, 570, 45, IndirectObject(7345, 0, 5844389744), 54, 75, 660, 76, IndirectObject(7346, 0, 5844389744), 77, 81, 686, 82, 84, 721, 85, IndirectObject(7347, 0, 5844389744), 86, 102, 597, 103, 108, 728, 109, 112, 730, 113, 123, 276, 124, IndirectObject(7348, 0, 5844389744), 126, 132, 561, 133, IndirectObject(7349, 0, 5844389744), 135, 141, 744, 142, 157, 751, 158, IndirectObject(7350, 0, 5844389744), 159, 164, 751, 165, 170, 642, 171, 177, 606, 178, IndirectObject(7351, 0, 5844389744), 179, 183, 558, 184, 206, 714, 207, 210, 936, 211, 218, 591, 219, 222, 597, 223, IndirectObject(7352, 0, 5844389744), 226, 247, 529, 248, IndirectObject(7353, 0, 5844389744), 249, 253, 506, 254, IndirectObject(7354, 0, 5844389744), 255, 257, 571, 258, 274, 523, 275, 280, 567, 281, 284, 566, 285, 296, 237, 297, IndirectObject(7355, 0, 5844389744), 302, 305, 237, 306, IndirectObject(7356, 0, 5844389744), 308, 315, 566, 316, 331, 550, 332, IndirectObject(7357, 0, 5844389744), 333, 338, 550, 339, 344, 352, 345, 351, 473, 352, IndirectObject(7358, 0, 5844389744), 353, 358, 319, 359, 381, 557, 382, 385, 767, 386, 393, 481, 394, 397, 451, 398, IndirectObject(7359, 0, 5844389744), 408, 409, 559, 410, IndirectObject(7360, 0, 5844389744), 419, 429, 547, 430, 431, 591, 432, IndirectObject(7361, 0, 5844389744), 452, 453, 200, 454, 455, 380, 456, IndirectObject(7362, 0, 5844389744), 458, 459, 369, 460, 461, 546, 462, IndirectObject(7363, 0, 5844389744), 464, 466, 378, 467, IndirectObject(7364, 0, 5844389744), 474, 475, 337, 476, 477, 342, 478, 479, 370, 480, IndirectObject(7365, 0, 5844389744), 485, 486, 508, 487, IndirectObject(7366, 0, 5844389744), 490, 491, 791, 492, IndirectObject(7367, 0, 5844389744), 508, 509, 219, 510, IndirectObject(7368, 0, 5844389744), 525, 526, 219, 527, IndirectObject(7369, 0, 5844389744), 542, 543, 219, 544, IndirectObject(7370, 0, 5844389744), 559, 560, 219, 561, IndirectObject(7371, 0, 5844389744), 594, 595, 355, 596, IndirectObject(7372, 0, 5844389744), 639, 640, 378, 641, IndirectObject(7373, 0, 5844389744), 643, 644, 546, 645, 646, 369, 647, 648, 337, 649, 650, 370, 651, 652, 342, 653, IndirectObject(7374, 0, 5844389744), 654, 655, 203, 656, 658, 186, 659, IndirectObject(7375, 0, 5844389744), 672, 674, 713, 675, IndirectObject(7376, 0, 5844389744), 677, 678, 615, 679, 680, 681, 681, IndirectObject(7377, 0, 5844389744), 685, 686, 713, 687, IndirectObject(7378, 0, 5844389744), 708, 709, 637, 710, 711, 693, 712, 713, 637, 714, 715, 693, 716, 717, 1020, 718, IndirectObject(7379, 0, 5844389744), 722, 723, 420, 724, IndirectObject(7380, 0, 5844389744), 725, 726, 281, 727, 728, 337, 729, 730, 312, 731, 754, 400, 755, 774, 0]
2025-07-11 17:53:05,287 - WARNING - unknown widths : 
[0, IndirectObject(7200, 0, 5844389744), 36, 37, 237, 38, IndirectObject(7201, 0, 5844389744), 43, 44, 570, 45, IndirectObject(7202, 0, 5844389744), 54, 75, 660, 76, IndirectObject(7203, 0, 5844389744), 77, 81, 686, 82, 84, 721, 85, IndirectObject(7204, 0, 5844389744), 86, 102, 597, 103, 108, 728, 109, 112, 730, 113, 123, 276, 124, IndirectObject(7205, 0, 5844389744), 126, 132, 561, 133, IndirectObject(7206, 0, 5844389744), 135, 141, 744, 142, 157, 751, 158, IndirectObject(7207, 0, 5844389744), 159, 164, 751, 165, 170, 642, 171, 177, 606, 178, IndirectObject(7208, 0, 5844389744), 179, 183, 558, 184, 206, 714, 207, 210, 936, 211, 218, 591, 219, 222, 597, 223, IndirectObject(7209, 0, 5844389744), 226, 247, 529, 248, IndirectObject(7210, 0, 5844389744), 249, 253, 506, 254, IndirectObject(7211, 0, 5844389744), 255, 257, 571, 258, 274, 523, 275, 280, 567, 281, 284, 566, 285, 296, 237, 297, IndirectObject(7212, 0, 5844389744), 302, 305, 237, 306, IndirectObject(7213, 0, 5844389744), 308, 315, 566, 316, 331, 550, 332, IndirectObject(7214, 0, 5844389744), 333, 338, 550, 339, 344, 352, 345, 351, 473, 352, IndirectObject(7215, 0, 5844389744), 353, 358, 319, 359, 381, 557, 382, 385, 767, 386, 393, 481, 394, 397, 451, 398, IndirectObject(7216, 0, 5844389744), 408, 409, 559, 410, IndirectObject(7217, 0, 5844389744), 419, 429, 547, 430, 431, 591, 432, IndirectObject(7218, 0, 5844389744), 452, 453, 200, 454, 455, 380, 456, IndirectObject(7219, 0, 5844389744), 458, 459, 369, 460, 461, 546, 462, IndirectObject(7220, 0, 5844389744), 464, 466, 378, 467, IndirectObject(7221, 0, 5844389744), 474, 475, 337, 476, 477, 342, 478, 479, 370, 480, IndirectObject(7222, 0, 5844389744), 485, 486, 508, 487, IndirectObject(7223, 0, 5844389744), 490, 491, 791, 492, IndirectObject(7224, 0, 5844389744), 508, 509, 219, 510, IndirectObject(7225, 0, 5844389744), 525, 526, 219, 527, IndirectObject(7226, 0, 5844389744), 542, 543, 219, 544, IndirectObject(7227, 0, 5844389744), 559, 560, 219, 561, IndirectObject(7228, 0, 5844389744), 594, 595, 355, 596, IndirectObject(7229, 0, 5844389744), 639, 640, 378, 641, IndirectObject(7230, 0, 5844389744), 643, 644, 546, 645, 646, 369, 647, 648, 337, 649, 650, 370, 651, 652, 342, 653, IndirectObject(7231, 0, 5844389744), 654, 655, 203, 656, 658, 186, 659, IndirectObject(7232, 0, 5844389744), 672, 674, 713, 675, IndirectObject(7233, 0, 5844389744), 677, 678, 615, 679, 680, 681, 681, IndirectObject(7234, 0, 5844389744), 685, 686, 713, 687, IndirectObject(7235, 0, 5844389744), 708, 709, 637, 710, 711, 693, 712, 713, 637, 714, 715, 693, 716, 717, 1020, 718, IndirectObject(7236, 0, 5844389744), 722, 723, 420, 724, IndirectObject(7237, 0, 5844389744), 725, 726, 281, 727, 728, 337, 729, 730, 312, 731, 754, 400, 755, 774, 0]
2025-07-11 17:58:02,170 - INFO - ==================================================
2025-07-11 17:58:02,170 - INFO - Starting Recruitment AI Training Pipeline
2025-07-11 17:58:02,170 - INFO - ==================================================
2025-07-11 17:58:02,170 - INFO - Loading data from jobs
2025-07-11 17:58:02,172 - INFO - Found 239 job folders to process
2025-07-11 17:58:09,753 - WARNING - Previous trailer can not be read ("'NumberObject' object is not subscriptable",)
2025-07-11 17:58:09,753 - WARNING - Object ID 8,0 ref repaired
2025-07-11 17:58:09,754 - WARNING - Object 5 0 found
2025-07-11 17:58:09,754 - WARNING - Object ID 10,0 ref repaired
2025-07-11 17:58:09,755 - WARNING - Object 1 0 found
2025-07-11 17:58:09,755 - WARNING - Object ID 20,0 ref repaired
2025-07-11 17:58:09,755 - WARNING - Object ID 24,0 ref repaired
2025-07-11 17:58:09,755 - WARNING - Object ID 16,0 ref repaired
2025-07-11 17:58:09,756 - WARNING - Object ID 25,0 ref repaired
2025-07-11 17:58:09,758 - WARNING - Object ID 15,0 ref repaired
2025-07-11 17:58:09,760 - WARNING - Object ID 19,0 ref repaired
2025-07-11 17:58:09,763 - WARNING - Object ID 18,0 ref repaired
2025-07-11 17:58:09,764 - WARNING - Object ID 13,0 ref repaired
2025-07-11 17:58:09,767 - WARNING - Object ID 12,0 ref repaired
2025-07-11 17:58:09,788 - WARNING - Object 2 0 found
2025-07-11 17:58:09,789 - WARNING - Object 3 0 found
2025-07-11 17:58:10,163 - WARNING - incorrect startxref pointer(3)
2025-07-11 17:58:17,030 - WARNING - XRef object at -1 can not be read, some object may be missing
2025-07-11 17:58:17,663 - WARNING - Previous trailer can not be read ("'NumberObject' object is not subscriptable",)
2025-07-11 17:58:17,663 - WARNING - Object ID 8,0 ref repaired
2025-07-11 17:58:17,664 - WARNING - Object 5 0 found
2025-07-11 17:58:17,664 - WARNING - Object ID 10,0 ref repaired
2025-07-11 17:58:17,665 - WARNING - Object 1 0 found
2025-07-11 17:58:17,665 - WARNING - Object ID 20,0 ref repaired
2025-07-11 17:58:17,665 - WARNING - Object ID 24,0 ref repaired
2025-07-11 17:58:17,665 - WARNING - Object ID 16,0 ref repaired
2025-07-11 17:58:17,666 - WARNING - Object ID 25,0 ref repaired
2025-07-11 17:58:17,668 - WARNING - Object ID 15,0 ref repaired
2025-07-11 17:58:17,670 - WARNING - Object ID 19,0 ref repaired
2025-07-11 17:58:17,672 - WARNING - Object ID 18,0 ref repaired
2025-07-11 17:58:17,674 - WARNING - Object ID 13,0 ref repaired
2025-07-11 17:58:17,676 - WARNING - Object ID 12,0 ref repaired
2025-07-11 17:58:17,698 - WARNING - Object 2 0 found
2025-07-11 17:58:17,699 - WARNING - Object 3 0 found
2025-07-11 17:58:18,966 - WARNING - unknown widths : 
[0, IndirectObject(7343, 0, 6036929840), 36, 37, 237, 38, IndirectObject(7344, 0, 6036929840), 43, 44, 570, 45, IndirectObject(7345, 0, 6036929840), 54, 75, 660, 76, IndirectObject(7346, 0, 6036929840), 77, 81, 686, 82, 84, 721, 85, IndirectObject(7347, 0, 6036929840), 86, 102, 597, 103, 108, 728, 109, 112, 730, 113, 123, 276, 124, IndirectObject(7348, 0, 6036929840), 126, 132, 561, 133, IndirectObject(7349, 0, 6036929840), 135, 141, 744, 142, 157, 751, 158, IndirectObject(7350, 0, 6036929840), 159, 164, 751, 165, 170, 642, 171, 177, 606, 178, IndirectObject(7351, 0, 6036929840), 179, 183, 558, 184, 206, 714, 207, 210, 936, 211, 218, 591, 219, 222, 597, 223, IndirectObject(7352, 0, 6036929840), 226, 247, 529, 248, IndirectObject(7353, 0, 6036929840), 249, 253, 506, 254, IndirectObject(7354, 0, 6036929840), 255, 257, 571, 258, 274, 523, 275, 280, 567, 281, 284, 566, 285, 296, 237, 297, IndirectObject(7355, 0, 6036929840), 302, 305, 237, 306, IndirectObject(7356, 0, 6036929840), 308, 315, 566, 316, 331, 550, 332, IndirectObject(7357, 0, 6036929840), 333, 338, 550, 339, 344, 352, 345, 351, 473, 352, IndirectObject(7358, 0, 6036929840), 353, 358, 319, 359, 381, 557, 382, 385, 767, 386, 393, 481, 394, 397, 451, 398, IndirectObject(7359, 0, 6036929840), 408, 409, 559, 410, IndirectObject(7360, 0, 6036929840), 419, 429, 547, 430, 431, 591, 432, IndirectObject(7361, 0, 6036929840), 452, 453, 200, 454, 455, 380, 456, IndirectObject(7362, 0, 6036929840), 458, 459, 369, 460, 461, 546, 462, IndirectObject(7363, 0, 6036929840), 464, 466, 378, 467, IndirectObject(7364, 0, 6036929840), 474, 475, 337, 476, 477, 342, 478, 479, 370, 480, IndirectObject(7365, 0, 6036929840), 485, 486, 508, 487, IndirectObject(7366, 0, 6036929840), 490, 491, 791, 492, IndirectObject(7367, 0, 6036929840), 508, 509, 219, 510, IndirectObject(7368, 0, 6036929840), 525, 526, 219, 527, IndirectObject(7369, 0, 6036929840), 542, 543, 219, 544, IndirectObject(7370, 0, 6036929840), 559, 560, 219, 561, IndirectObject(7371, 0, 6036929840), 594, 595, 355, 596, IndirectObject(7372, 0, 6036929840), 639, 640, 378, 641, IndirectObject(7373, 0, 6036929840), 643, 644, 546, 645, 646, 369, 647, 648, 337, 649, 650, 370, 651, 652, 342, 653, IndirectObject(7374, 0, 6036929840), 654, 655, 203, 656, 658, 186, 659, IndirectObject(7375, 0, 6036929840), 672, 674, 713, 675, IndirectObject(7376, 0, 6036929840), 677, 678, 615, 679, 680, 681, 681, IndirectObject(7377, 0, 6036929840), 685, 686, 713, 687, IndirectObject(7378, 0, 6036929840), 708, 709, 637, 710, 711, 693, 712, 713, 637, 714, 715, 693, 716, 717, 1020, 718, IndirectObject(7379, 0, 6036929840), 722, 723, 420, 724, IndirectObject(7380, 0, 6036929840), 725, 726, 281, 727, 728, 337, 729, 730, 312, 731, 754, 400, 755, 774, 0]
2025-07-11 17:58:18,967 - WARNING - unknown widths : 
[0, IndirectObject(7200, 0, 6036929840), 36, 37, 237, 38, IndirectObject(7201, 0, 6036929840), 43, 44, 570, 45, IndirectObject(7202, 0, 6036929840), 54, 75, 660, 76, IndirectObject(7203, 0, 6036929840), 77, 81, 686, 82, 84, 721, 85, IndirectObject(7204, 0, 6036929840), 86, 102, 597, 103, 108, 728, 109, 112, 730, 113, 123, 276, 124, IndirectObject(7205, 0, 6036929840), 126, 132, 561, 133, IndirectObject(7206, 0, 6036929840), 135, 141, 744, 142, 157, 751, 158, IndirectObject(7207, 0, 6036929840), 159, 164, 751, 165, 170, 642, 171, 177, 606, 178, IndirectObject(7208, 0, 6036929840), 179, 183, 558, 184, 206, 714, 207, 210, 936, 211, 218, 591, 219, 222, 597, 223, IndirectObject(7209, 0, 6036929840), 226, 247, 529, 248, IndirectObject(7210, 0, 6036929840), 249, 253, 506, 254, IndirectObject(7211, 0, 6036929840), 255, 257, 571, 258, 274, 523, 275, 280, 567, 281, 284, 566, 285, 296, 237, 297, IndirectObject(7212, 0, 6036929840), 302, 305, 237, 306, IndirectObject(7213, 0, 6036929840), 308, 315, 566, 316, 331, 550, 332, IndirectObject(7214, 0, 6036929840), 333, 338, 550, 339, 344, 352, 345, 351, 473, 352, IndirectObject(7215, 0, 6036929840), 353, 358, 319, 359, 381, 557, 382, 385, 767, 386, 393, 481, 394, 397, 451, 398, IndirectObject(7216, 0, 6036929840), 408, 409, 559, 410, IndirectObject(7217, 0, 6036929840), 419, 429, 547, 430, 431, 591, 432, IndirectObject(7218, 0, 6036929840), 452, 453, 200, 454, 455, 380, 456, IndirectObject(7219, 0, 6036929840), 458, 459, 369, 460, 461, 546, 462, IndirectObject(7220, 0, 6036929840), 464, 466, 378, 467, IndirectObject(7221, 0, 6036929840), 474, 475, 337, 476, 477, 342, 478, 479, 370, 480, IndirectObject(7222, 0, 6036929840), 485, 486, 508, 487, IndirectObject(7223, 0, 6036929840), 490, 491, 791, 492, IndirectObject(7224, 0, 6036929840), 508, 509, 219, 510, IndirectObject(7225, 0, 6036929840), 525, 526, 219, 527, IndirectObject(7226, 0, 6036929840), 542, 543, 219, 544, IndirectObject(7227, 0, 6036929840), 559, 560, 219, 561, IndirectObject(7228, 0, 6036929840), 594, 595, 355, 596, IndirectObject(7229, 0, 6036929840), 639, 640, 378, 641, IndirectObject(7230, 0, 6036929840), 643, 644, 546, 645, 646, 369, 647, 648, 337, 649, 650, 370, 651, 652, 342, 653, IndirectObject(7231, 0, 6036929840), 654, 655, 203, 656, 658, 186, 659, IndirectObject(7232, 0, 6036929840), 672, 674, 713, 675, IndirectObject(7233, 0, 6036929840), 677, 678, 615, 679, 680, 681, 681, IndirectObject(7234, 0, 6036929840), 685, 686, 713, 687, IndirectObject(7235, 0, 6036929840), 708, 709, 637, 710, 711, 693, 712, 713, 637, 714, 715, 693, 716, 717, 1020, 718, IndirectObject(7236, 0, 6036929840), 722, 723, 420, 724, IndirectObject(7237, 0, 6036929840), 725, 726, 281, 727, 728, 337, 729, 730, 312, 731, 754, 400, 755, 774, 0]
2025-07-11 17:58:50,961 - WARNING - unknown widths : 
[0, IndirectObject(7343, 0, 6064114848), 36, 37, 237, 38, IndirectObject(7344, 0, 6064114848), 43, 44, 570, 45, IndirectObject(7345, 0, 6064114848), 54, 75, 660, 76, IndirectObject(7346, 0, 6064114848), 77, 81, 686, 82, 84, 721, 85, IndirectObject(7347, 0, 6064114848), 86, 102, 597, 103, 108, 728, 109, 112, 730, 113, 123, 276, 124, IndirectObject(7348, 0, 6064114848), 126, 132, 561, 133, IndirectObject(7349, 0, 6064114848), 135, 141, 744, 142, 157, 751, 158, IndirectObject(7350, 0, 6064114848), 159, 164, 751, 165, 170, 642, 171, 177, 606, 178, IndirectObject(7351, 0, 6064114848), 179, 183, 558, 184, 206, 714, 207, 210, 936, 211, 218, 591, 219, 222, 597, 223, IndirectObject(7352, 0, 6064114848), 226, 247, 529, 248, IndirectObject(7353, 0, 6064114848), 249, 253, 506, 254, IndirectObject(7354, 0, 6064114848), 255, 257, 571, 258, 274, 523, 275, 280, 567, 281, 284, 566, 285, 296, 237, 297, IndirectObject(7355, 0, 6064114848), 302, 305, 237, 306, IndirectObject(7356, 0, 6064114848), 308, 315, 566, 316, 331, 550, 332, IndirectObject(7357, 0, 6064114848), 333, 338, 550, 339, 344, 352, 345, 351, 473, 352, IndirectObject(7358, 0, 6064114848), 353, 358, 319, 359, 381, 557, 382, 385, 767, 386, 393, 481, 394, 397, 451, 398, IndirectObject(7359, 0, 6064114848), 408, 409, 559, 410, IndirectObject(7360, 0, 6064114848), 419, 429, 547, 430, 431, 591, 432, IndirectObject(7361, 0, 6064114848), 452, 453, 200, 454, 455, 380, 456, IndirectObject(7362, 0, 6064114848), 458, 459, 369, 460, 461, 546, 462, IndirectObject(7363, 0, 6064114848), 464, 466, 378, 467, IndirectObject(7364, 0, 6064114848), 474, 475, 337, 476, 477, 342, 478, 479, 370, 480, IndirectObject(7365, 0, 6064114848), 485, 486, 508, 487, IndirectObject(7366, 0, 6064114848), 490, 491, 791, 492, IndirectObject(7367, 0, 6064114848), 508, 509, 219, 510, IndirectObject(7368, 0, 6064114848), 525, 526, 219, 527, IndirectObject(7369, 0, 6064114848), 542, 543, 219, 544, IndirectObject(7370, 0, 6064114848), 559, 560, 219, 561, IndirectObject(7371, 0, 6064114848), 594, 595, 355, 596, IndirectObject(7372, 0, 6064114848), 639, 640, 378, 641, IndirectObject(7373, 0, 6064114848), 643, 644, 546, 645, 646, 369, 647, 648, 337, 649, 650, 370, 651, 652, 342, 653, IndirectObject(7374, 0, 6064114848), 654, 655, 203, 656, 658, 186, 659, IndirectObject(7375, 0, 6064114848), 672, 674, 713, 675, IndirectObject(7376, 0, 6064114848), 677, 678, 615, 679, 680, 681, 681, IndirectObject(7377, 0, 6064114848), 685, 686, 713, 687, IndirectObject(7378, 0, 6064114848), 708, 709, 637, 710, 711, 693, 712, 713, 637, 714, 715, 693, 716, 717, 1020, 718, IndirectObject(7379, 0, 6064114848), 722, 723, 420, 724, IndirectObject(7380, 0, 6064114848), 725, 726, 281, 727, 728, 337, 729, 730, 312, 731, 754, 400, 755, 774, 0]
2025-07-11 17:58:50,962 - WARNING - unknown widths : 
[0, IndirectObject(7200, 0, 6064114848), 36, 37, 237, 38, IndirectObject(7201, 0, 6064114848), 43, 44, 570, 45, IndirectObject(7202, 0, 6064114848), 54, 75, 660, 76, IndirectObject(7203, 0, 6064114848), 77, 81, 686, 82, 84, 721, 85, IndirectObject(7204, 0, 6064114848), 86, 102, 597, 103, 108, 728, 109, 112, 730, 113, 123, 276, 124, IndirectObject(7205, 0, 6064114848), 126, 132, 561, 133, IndirectObject(7206, 0, 6064114848), 135, 141, 744, 142, 157, 751, 158, IndirectObject(7207, 0, 6064114848), 159, 164, 751, 165, 170, 642, 171, 177, 606, 178, IndirectObject(7208, 0, 6064114848), 179, 183, 558, 184, 206, 714, 207, 210, 936, 211, 218, 591, 219, 222, 597, 223, IndirectObject(7209, 0, 6064114848), 226, 247, 529, 248, IndirectObject(7210, 0, 6064114848), 249, 253, 506, 254, IndirectObject(7211, 0, 6064114848), 255, 257, 571, 258, 274, 523, 275, 280, 567, 281, 284, 566, 285, 296, 237, 297, IndirectObject(7212, 0, 6064114848), 302, 305, 237, 306, IndirectObject(7213, 0, 6064114848), 308, 315, 566, 316, 331, 550, 332, IndirectObject(7214, 0, 6064114848), 333, 338, 550, 339, 344, 352, 345, 351, 473, 352, IndirectObject(7215, 0, 6064114848), 353, 358, 319, 359, 381, 557, 382, 385, 767, 386, 393, 481, 394, 397, 451, 398, IndirectObject(7216, 0, 6064114848), 408, 409, 559, 410, IndirectObject(7217, 0, 6064114848), 419, 429, 547, 430, 431, 591, 432, IndirectObject(7218, 0, 6064114848), 452, 453, 200, 454, 455, 380, 456, IndirectObject(7219, 0, 6064114848), 458, 459, 369, 460, 461, 546, 462, IndirectObject(7220, 0, 6064114848), 464, 466, 378, 467, IndirectObject(7221, 0, 6064114848), 474, 475, 337, 476, 477, 342, 478, 479, 370, 480, IndirectObject(7222, 0, 6064114848), 485, 486, 508, 487, IndirectObject(7223, 0, 6064114848), 490, 491, 791, 492, IndirectObject(7224, 0, 6064114848), 508, 509, 219, 510, IndirectObject(7225, 0, 6064114848), 525, 526, 219, 527, IndirectObject(7226, 0, 6064114848), 542, 543, 219, 544, IndirectObject(7227, 0, 6064114848), 559, 560, 219, 561, IndirectObject(7228, 0, 6064114848), 594, 595, 355, 596, IndirectObject(7229, 0, 6064114848), 639, 640, 378, 641, IndirectObject(7230, 0, 6064114848), 643, 644, 546, 645, 646, 369, 647, 648, 337, 649, 650, 370, 651, 652, 342, 653, IndirectObject(7231, 0, 6064114848), 654, 655, 203, 656, 658, 186, 659, IndirectObject(7232, 0, 6064114848), 672, 674, 713, 675, IndirectObject(7233, 0, 6064114848), 677, 678, 615, 679, 680, 681, 681, IndirectObject(7234, 0, 6064114848), 685, 686, 713, 687, IndirectObject(7235, 0, 6064114848), 708, 709, 637, 710, 711, 693, 712, 713, 637, 714, 715, 693, 716, 717, 1020, 718, IndirectObject(7236, 0, 6064114848), 722, 723, 420, 724, IndirectObject(7237, 0, 6064114848), 725, 726, 281, 727, 728, 337, 729, 730, 312, 731, 754, 400, 755, 774, 0]
2025-07-11 17:59:21,658 - WARNING - incorrect startxref pointer(3)
2025-07-11 17:59:24,361 - WARNING - unknown widths : 
[0, IndirectObject(545, 0, 6027468272), 1, 2, 0, 3, IndirectObject(546, 0, 6027468272), 4, 14, 579, 15, 16, 763, 17, IndirectObject(547, 0, 6027468272), 18, 23, 533, 24, 25, 615, 26, 27, 625, 28, 37, 488, 38, IndirectObject(548, 0, 6027468272), 39, 43, 631, 44, 45, 623, 46, IndirectObject(549, 0, 6027468272), 47, 56, 252, 57, IndirectObject(550, 0, 6027468272), 58, 59, 319, 60, 61, 520, 62, 63, 420, 64, IndirectObject(551, 0, 6027468272), 69, 73, 646, 74, IndirectObject(552, 0, 6027468272), 75, 83, 662, 84, 85, 664, 86, IndirectObject(553, 0, 6027468272), 87, 88, 517, 89, IndirectObject(554, 0, 6027468272), 90, 93, 543, 94, 99, 459, 100, 103, 487, 104, 114, 642, 115, IndirectObject(555, 0, 6027468272), 116, 120, 890, 121, IndirectObject(556, 0, 6027468272), 122, 126, 487, 127, 130, 468, 131, 141, 494, 142, 143, 670, 144, IndirectObject(557, 0, 6027468272), 145, 150, 474, 151, 152, 549, 153, 154, 558, 155, 164, 438, 165, IndirectObject(558, 0, 6027468272), 166, 170, 563, 171, 172, 559, 173, IndirectObject(559, 0, 6027468272), 174, 183, 240, 184, IndirectObject(560, 0, 6027468272), 185, 186, 280, 187, 188, 473, 189, 190, 359, 191, IndirectObject(561, 0, 6027468272), 196, 200, 571, 201, IndirectObject(562, 0, 6027468272), 202, 210, 583, 211, 212, 591, 213, IndirectObject(563, 0, 6027468272), 214, 215, 471, 216, IndirectObject(564, 0, 6027468272), 217, 220, 491, 221, 226, 414, 227, 230, 418, 231, 241, 569, 242, IndirectObject(565, 0, 6027468272), 243, 247, 780, 248, IndirectObject(566, 0, 6027468272), 249, 253, 439, 254, 257, 426, 258, 268, 479, 269, 270, 773, 271, IndirectObject(567, 0, 6027468272), 272, 277, 423, 278, IndirectObject(568, 0, 6027468272), 280, 281, 750, 282, IndirectObject(569, 0, 6027468272), 286, 295, 498, 296, IndirectObject(570, 0, 6027468272), 302, 305, 529, 306, 309, 539, 310, 311, 529, 312, 315, 808, 316, 319, 817, 320, 321, 808, 322, 323, 529, 324, IndirectObject(571, 0, 6027468272), 327, 328, 529, 329, IndirectObject(572, 0, 6027468272), 332, 333, 616, 334, IndirectObject(573, 0, 6027468272), 336, 340, 471, 341, 347, 525, 348, IndirectObject(574, 0, 6027468272), 349, 358, 229, 359, IndirectObject(575, 0, 6027468272), 361, 363, 239, 364, 366, 455, 367, 368, 229, 369, IndirectObject(576, 0, 6027468272), 374, 378, 525, 379, IndirectObject(577, 0, 6027468272), 381, 389, 527, 390, 391, 529, 392, IndirectObject(578, 0, 6027468272), 393, 395, 525, 396, 399, 349, 400, 405, 391, 406, IndirectObject(579, 0, 6027468272), 414, 423, 557, 424, IndirectObject(580, 0, 6027468272), 426, 435, 856, 436, 446, 525, 447, IndirectObject(581, 0, 6027468272), 448, 452, 715, 453, IndirectObject(582, 0, 6027468272), 454, 458, 453, 459, 462, 395, 463, IndirectObject(583, 0, 6027468272), 479, 482, 362, 483, IndirectObject(584, 0, 6027468272), 495, 496, 0, 497, IndirectObject(585, 0, 6027468272), 500, 501, 0, 502, IndirectObject(586, 0, 6027468272), 505, 506, 0, 507, IndirectObject(587, 0, 6027468272), 510, 511, 0, 512, IndirectObject(588, 0, 6027468272), 516, 517, 0, 518, IndirectObject(589, 0, 6027468272), 522, 523, 0, 524, IndirectObject(590, 0, 6027468272), 527, 528, 0, 529, IndirectObject(591, 0, 6027468272), 532, 533, 0, 534, IndirectObject(592, 0, 6027468272), 537, 538, 0, 539, IndirectObject(593, 0, 6027468272), 545, 546, 0, 547, IndirectObject(594, 0, 6027468272), 549, 550, 226, 551, 552, 0, 553, IndirectObject(595, 0, 6027468272), 559, 560, 579, 561, IndirectObject(596, 0, 6027468272), 564, 565, 488, 566, IndirectObject(597, 0, 6027468272), 567, 568, 623, 569, IndirectObject(598, 0, 6027468272), 570, 572, 252, 573, IndirectObject(599, 0, 6027468272), 578, 579, 662, 580, IndirectObject(600, 0, 6027468272), 583, 586, 487, 587, IndirectObject(601, 0, 6027468272), 590, 591, 664, 592, 593, 494, 594, IndirectObject(602, 0, 6027468272), 597, 598, 438, 599, IndirectObject(603, 0, 6027468272), 600, 601, 559, 602, IndirectObject(604, 0, 6027468272), 603, 605, 240, 606, IndirectObject(605, 0, 6027468272), 611, 612, 583, 613, IndirectObject(606, 0, 6027468272), 617, 619, 439, 620, IndirectObject(607, 0, 6027468272), 623, 624, 586, 625, 626, 567, 627, IndirectObject(608, 0, 6027468272), 631, 632, 456, 633, IndirectObject(609, 0, 6027468272), 634, 635, 537, 636, IndirectObject(610, 0, 6027468272), 638, 641, 274, 642, IndirectObject(611, 0, 6027468272), 646, 647, 376, 648, 649, 527, 650, IndirectObject(612, 0, 6027468272), 655, 658, 542, 659, IndirectObject(613, 0, 6027468272), 663, 664, 696, 665, IndirectObject(614, 0, 6027468272), 668, 670, 252, 671, IndirectObject(615, 0, 6027468272), 672, 673, 250, 674, IndirectObject(616, 0, 6027468272), 677, 678, 430, 679, IndirectObject(617, 0, 6027468272), 681, 683, 488, 684, IndirectObject(618, 0, 6027468272), 686, 688, 642, 689, 690, 252, 691, IndirectObject(619, 0, 6027468272), 692, 693, 543, 694, IndirectObject(620, 0, 6027468272), 699, 700, 662, 701, IndirectObject(621, 0, 6027468272), 706, 707, 527, 708, IndirectObject(622, 0, 6027468272), 729, 730, 385, 731, IndirectObject(623, 0, 6027468272), 733, 735, 438, 736, IndirectObject(624, 0, 6027468272), 738, 740, 567, 741, 742, 240, 743, IndirectObject(625, 0, 6027468272), 744, 745, 474, 746, IndirectObject(626, 0, 6027468272), 749, 750, 583, 751, IndirectObject(627, 0, 6027468272), 756, 757, 452, 758, IndirectObject(628, 0, 6027468272), 782, 783, 346, 784, IndirectObject(629, 0, 6027468272), 786, 788, 498, 789, IndirectObject(630, 0, 6027468272), 791, 793, 541, 794, 795, 229, 796, IndirectObject(631, 0, 6027468272), 797, 798, 464, 799, IndirectObject(632, 0, 6027468272), 811, 812, 453, 813, IndirectObject(633, 0, 6027468272), 831, 833, 429, 834, 835, 0, 836, 838, 326, 839, 841, 463, 842, IndirectObject(634, 0, 6027468272), 843, 844, 297, 845, IndirectObject(635, 0, 6027468272), 848, 849, 268, 850, IndirectObject(636, 0, 6027468272), 852, 855, 250, 856, 859, 418, 860, IndirectObject(637, 0, 6027468272), 862, 865, 339, 866, 869, 512, 870, IndirectObject(638, 0, 6027468272), 876, 877, 306, 878, 879, 498, 880, 883, 905, 884, 885, 498, 886, 887, 252, 888, 889, 303, 890, 891, 307, 892, 893, 314, 894, 895, 281, 896, 897, 286, 898, 899, 303, 900, 901, 307, 902, 903, 314, 904, 907, 498, 908, IndirectObject(639, 0, 6027468272), 910, 911, 498, 912, IndirectObject(640, 0, 6027468272), 920, 921, 834, 922, IndirectObject(641, 0, 6027468272), 932, 933, 498, 934, IndirectObject(642, 0, 6027468272), 940, 941, 453, 942, IndirectObject(643, 0, 6027468272), 949, 950, 490, 951, IndirectObject(644, 0, 6027468272), 955, 956, 526, 957, 966, 507, 967, IndirectObject(645, 0, 6027468272), 977, 986, 453, 987, IndirectObject(646, 0, 6027468272), 989, 990, 490, 991, IndirectObject(647, 0, 6027468272), 995, 996, 526, 997, 1006, 507, 1007, IndirectObject(648, 0, 6027468272), 1020, 1021, 217, 1022, IndirectObject(649, 0, 6027468272), 1035, 1036, 217, 1037, IndirectObject(650, 0, 6027468272), 1040, 1041, 286, 1042, IndirectObject(651, 0, 6027468272), 1050, 1051, 286, 1052, IndirectObject(652, 0, 6027468272), 1065, 1066, 723, 1067, IndirectObject(653, 0, 6027468272), 1078, 1090, 498, 1091, IndirectObject(654, 0, 6027468272), 1103, 1106, 905, 1107, 1110, 882, 1111, IndirectObject(655, 0, 6027468272), 1115, 1131, 550, 1132, 1143, 579, 1144, 1151, 488, 1152, 1153, 252, 1154, 1160, 662, 1161, 1166, 697, 1167, 1168, 642, 1169, 1174, 722, 1175, 1177, 487, 1178, 1189, 479, 1190, 1197, 498, 1198, 1199, 229, 1200, 1206, 527, 1207, 1212, 578, 1213, 1214, 525, 1215, 1220, 603, 1221, 1223, 453, 1224, IndirectObject(656, 0, 6027468272), 1226, 1237, 494, 1238, 1245, 438, 1246, 1247, 240, 1248, 1254, 583, 1255, 1260, 615, 1261, 1262, 569, 1263, 1268, 635, 1269, 1271, 439, 1272, IndirectObject(657, 0, 6027468272), 1273, 1280, 550, 1281, IndirectObject(658, 0, 6027468272), 1282, 1283, 643, 1284, IndirectObject(659, 0, 6027468272), 1285, 1286, 572, 1287, IndirectObject(660, 0, 6027468272), 1292, 1294, 529, 1295, 1297, 808, 1298, IndirectObject(661, 0, 6027468272), 1311, 1312, 432, 1313, IndirectObject(662, 0, 6027468272), 1325, 1326, 550, 1327, 1328, 469, 1329, 1331, 381, 1332, 1333, 250, 1334, 1335, 0, 1336, 1342, 333, 1343, 1344, 312, 1345, IndirectObject(663, 0, 6027468272), 1347, 1348, 333, 1349, 1356, 0, 1357, IndirectObject(664, 0, 6027468272), 1359, 1360, 333, 1361, 1362, 450, 1363, 1368, 0, 1369, IndirectObject(665, 0, 6027468272), 1370, 1371, 500, 1372, IndirectObject(666, 0, 6027468272), 1376, 1377, 333, 1378, IndirectObject(667, 0, 6027468272), 1383, 1386, 920, 1387, IndirectObject(668, 0, 6027468272), 1388, 1389, 920, 1390, IndirectObject(669, 0, 6027468272), 1403, 1404, 394, 1405, IndirectObject(670, 0, 6027468272), 1440, 1441, 474, 1442, IndirectObject(671, 0, 6027468272), 1452, 1456, 642, 1457, 1458, 579, 1459, IndirectObject(672, 0, 6027468272), 1460, 1461, 631, 1462, IndirectObject(673, 0, 6027468272), 1463, 1464, 662, 1465, IndirectObject(674, 0, 6027468272), 1472, 1473, 579, 1474, 1475, 488, 1476, 1477, 252, 1478, 1479, 662, 1480, 1481, 543, 1482, 1483, 642, 1484, IndirectObject(675, 0, 6027468272), 1491, 1494, 662, 1495, IndirectObject(676, 0, 6027468272), 1510, 1512, 544, 1513, IndirectObject(677, 0, 6027468272), 1514, 1518, 615, 1519, 1523, 488, 1524, IndirectObject(678, 0, 6027468272), 1526, 1530, 623, 1531, 1532, 252, 1533, 1535, 520, 1536, 1539, 420, 1540, 1542, 855, 1543, 1546, 646, 1547, 1550, 662, 1551, 1552, 517, 1553, 1556, 543, 1557, 1561, 459, 1562, 1565, 487, 1566, 1570, 642, 1571, 1572, 567, 1573, 1574, 890, 1575, 1576, 519, 1577, IndirectObject(679, 0, 6027468272), 1578, 1580, 468, 1581, IndirectObject(680, 0, 6027468272), 1592, 1593, 525, 1594, IndirectObject(681, 0, 6027468272), 1620, 1624, 525, 1625, IndirectObject(682, 0, 6027468272), 1626, 1627, 479, 1628, IndirectObject(683, 0, 6027468272), 1632, 1633, 527, 1634, IndirectObject(684, 0, 6027468272), 1639, 1640, 479, 1641, 1642, 498, 1643, 1644, 229, 1645, 1646, 527, 1647, 1648, 349, 1649, 1650, 525, 1651, IndirectObject(685, 0, 6027468272), 1658, 1661, 527, 1662, IndirectObject(686, 0, 6027468272), 1673, 1674, 281, 1675, IndirectObject(687, 0, 6027468272), 1686, 1688, 525, 1689, IndirectObject(688, 0, 6027468272), 1690, 1694, 525, 1695, 1699, 498, 1700, IndirectObject(689, 0, 6027468272), 1702, 1706, 525, 1707, 1709, 229, 1710, 1712, 455, 1713, 1716, 229, 1717, 1719, 799, 1720, 1723, 525, 1724, 1727, 527, 1728, 1729, 525, 1730, 1733, 349, 1734, 1738, 391, 1739, 1742, 335, 1743, 1747, 525, 1748, 1749, 452, 1750, 1751, 715, 1752, 1753, 433, 1754, IndirectObject(690, 0, 6027468272), 1755, 1757, 395, 1758, IndirectObject(691, 0, 6027468272), 1776, 1777, 491, 1778, IndirectObject(692, 0, 6027468272), 1818, 1822, 569, 1823, 1824, 494, 1825, IndirectObject(693, 0, 6027468272), 1826, 1827, 563, 1828, IndirectObject(694, 0, 6027468272), 1829, 1830, 583, 1831, IndirectObject(695, 0, 6027468272), 1838, 1839, 494, 1840, 1841, 438, 1842, 1843, 240, 1844, 1845, 583, 1846, 1847, 491, 1848, 1849, 569, 1850, IndirectObject(696, 0, 6027468272), 1857, 1860, 583, 1861, IndirectObject(697, 0, 6027468272), 1882, 1884, 502, 1885, IndirectObject(698, 0, 6027468272), 1886, 1890, 549, 1891, 1895, 438, 1896, IndirectObject(699, 0, 6027468272), 1898, 1902, 559, 1903, 1904, 240, 1905, 1907, 473, 1908, 1911, 359, 1912, 1914, 753, 1915, 1918, 571, 1919, 1922, 583, 1923, 1924, 471, 1925, 1928, 491, 1929, 1933, 414, 1934, 1937, 418, 1938, 1942, 569, 1943, 1944, 499, 1945, 1946, 780, 1947, 1948, 475, 1949, IndirectObject(700, 0, 6027468272), 1950, 1952, 426, 1953, IndirectObject(701, 0, 6027468272), 1968, 1969, 529, 1970, 1971, 535, 1972, 1973, 529, 1974, IndirectObject(702, 0, 6027468272), 1975, 1976, 529, 1977, 1978, 808, 1979, 1980, 813, 1981, 1982, 808, 1983, IndirectObject(703, 0, 6027468272), 1984, 1985, 808, 1986, 1994, 557, 1995, 2003, 856, 2004, IndirectObject(704, 0, 6027468272), 2005, 2007, 525, 2008, IndirectObject(705, 0, 6027468272), 2010, 2011, 525, 2012, 2013, 498, 2014, IndirectObject(706, 0, 6027468272), 2015, 2016, 423, 2017, IndirectObject(707, 0, 6027468272), 2020, 2021, 525, 2022, IndirectObject(708, 0, 6027468272), 2025, 2027, 525, 2028, IndirectObject(709, 0, 6027468272), 2036, 2037, 798, 2038, IndirectObject(710, 0, 6027468272), 2039, 2040, 525, 2041, IndirectObject(711, 0, 6027468272), 2046, 2050, 349, 2051, 2052, 319, 2053, 2054, 449, 2055, IndirectObject(712, 0, 6027468272), 2060, 2061, 335, 2062, IndirectObject(713, 0, 6027468272), 2073, 2075, 447, 2076, IndirectObject(714, 0, 6027468272), 2086, 2087, 447, 2088, IndirectObject(715, 0, 6027468272), 2097, 2098, 492, 2099, IndirectObject(716, 0, 6027468272), 2123, 2124, 527, 2125, IndirectObject(717, 0, 6027468272), 2126, 2127, 476, 2128, IndirectObject(718, 0, 6027468272), 2150, 2151, 332, 2152, IndirectObject(719, 0, 6027468272), 2159, 2161, 432, 2162, IndirectObject(720, 0, 6027468272), 2168, 2169, 334, 2170, IndirectObject(721, 0, 6027468272), 2172, 2173, 362, 2174, 2175, 340, 2176, 2177, 308, 2178, IndirectObject(722, 0, 6027468272), 2182, 2183, 362, 2184, IndirectObject(723, 0, 6027468272), 2185, 2187, 362, 2188, IndirectObject(724, 0, 6027468272), 2248, 2249, 423, 2250, IndirectObject(725, 0, 6027468272), 2261, 2262, 219, 2263, IndirectObject(726, 0, 6027468272), 2273, 2274, 542, 2275, IndirectObject(727, 0, 6027468272), 2285, 2286, 362, 2287, IndirectObject(728, 0, 6027468272), 2293, 2294, 364, 2295, IndirectObject(729, 0, 6027468272), 2296, 2297, 245, 2298, IndirectObject(730, 0, 6027468272), 2304, 2306, 250, 2307, 2308, 226, 2309, 2310, 325, 2311, 2312, 498, 2313, 2314, 537, 2315, IndirectObject(731, 0, 6027468272), 2322, 2323, 278, 2324, 2325, 226, 2326, 2331, 333, 2332, IndirectObject(732, 0, 6027468272), 2337, 2341, 383, 2342, 2345, 542, 2346, IndirectObject(733, 0, 6027468272), 2347, 2357, 542, 2358, IndirectObject(734, 0, 6027468272), 2359, 2363, 542, 2364, IndirectObject(735, 0, 6027468272), 2365, 2369, 542, 2370, IndirectObject(736, 0, 6027468272), 2371, 2379, 542, 2380, IndirectObject(737, 0, 6027468272), 2381, 2391, 542, 2392, IndirectObject(738, 0, 6027468272), 2393, 2397, 542, 2398, IndirectObject(739, 0, 6027468272), 2399, 2403, 542, 2404, IndirectObject(740, 0, 6027468272), 2405, 2413, 542, 2414, IndirectObject(741, 0, 6027468272), 2415, 2419, 542, 2420, IndirectObject(742, 0, 6027468272), 2421, 2425, 542, 2426, IndirectObject(743, 0, 6027468272), 2427, 2431, 542, 2432, IndirectObject(744, 0, 6027468272), 2433, 2437, 542, 2438, IndirectObject(745, 0, 6027468272), 2439, 2447, 542, 2448, IndirectObject(746, 0, 6027468272), 2449, 2453, 542, 2454, IndirectObject(747, 0, 6027468272), 2455, 2459, 542, 2460, IndirectObject(748, 0, 6027468272), 2461, 2465, 542, 2466, IndirectObject(749, 0, 6027468272), 2467, 2471, 542, 2472, IndirectObject(750, 0, 6027468272), 2473, 2481, 542, 2482, 2483, 333, 2484, IndirectObject(751, 0, 6027468272), 2487, 2490, 333, 2491, IndirectObject(752, 0, 6027468272), 2493, 2494, 469, 2495, IndirectObject(753, 0, 6027468272), 2497, 2500, 333, 2501, 2502, 531, 2503, IndirectObject(754, 0, 6027468272), 2504, 2505, 394, 2506, IndirectObject(755, 0, 6027468272), 2508, 2509, 884, 2510, IndirectObject(756, 0, 6027468272), 2516, 2518, 395, 2519, 2522, 550, 2523, IndirectObject(757, 0, 6027468272), 2524, 2527, 533, 2528, IndirectObject(758, 0, 6027468272), 2539, 2540, 432, 2541, IndirectObject(759, 0, 6027468272), 2544, 2545, 509, 2546, 2549, 423, 2550, IndirectObject(760, 0, 6027468272), 2561, 2564, 474, 2565, 2567, 442, 2568, IndirectObject(761, 0, 6027468272), 2575, 2595, 579, 2596, 2604, 799, 2605, IndirectObject(762, 0, 6027468272), 2606, 2607, 592, 2608, IndirectObject(763, 0, 6027468272), 2611, 2612, 488, 2613, IndirectObject(764, 0, 6027468272), 2614, 2615, 727, 2616, IndirectObject(765, 0, 6027468272), 2618, 2619, 727, 2620, IndirectObject(766, 0, 6027468272), 2621, 2624, 623, 2625, 2626, 727, 2627, IndirectObject(767, 0, 6027468272), 2629, 2630, 727, 2631, IndirectObject(768, 0, 6027468272), 2632, 2633, 844, 2634, 2635, 948, 2636, IndirectObject(769, 0, 6027468272), 2638, 2639, 948, 2640, IndirectObject(770, 0, 6027468272), 2642, 2643, 356, 2644, IndirectObject(771, 0, 6027468272), 2646, 2647, 356, 2648, IndirectObject(772, 0, 6027468272), 2649, 2652, 252, 2653, IndirectObject(773, 0, 6027468272), 2659, 2660, 662, 2661, IndirectObject(774, 0, 6027468272), 2666, 2669, 487, 2670, IndirectObject(775, 0, 6027468272), 2678, 2681, 664, 2682, IndirectObject(776, 0, 6027468272), 2689, 2690, 885, 2691, IndirectObject(777, 0, 6027468272), 2698, 2722, 567, 2723, 2730, 456, 2731, 2753, 537, 2754, 2769, 274, 2770, 2777, 527, 2778, 2779, 509, 2780, 2795, 542, 2796, 2818, 696, 2819, 2840, 494, 2841, 2849, 715, 2850, 2857, 438, 2858, 2877, 559, 2878, 2886, 779, 2887, 2902, 240, 2903, 2910, 583, 2911, 2912, 471, 2913, IndirectObject(778, 0, 6027468272), 2939, 2958, 586, 2959, 2967, 807, 2968, 2976, 579, 2977, 2978, 623, 2979, 2980, 727, 2981, IndirectObject(779, 0, 6027468272), 2983, 2984, 727, 2985, IndirectObject(780, 0, 6027468272), 2986, 2987, 664, 2988, IndirectObject(781, 0, 6027468272), 2995, 3003, 799, 3004, 3005, 844, 3006, 3007, 948, 3008, 3009, 844, 3010, 3011, 948, 3012, IndirectObject(782, 0, 6027468272), 3013, 3014, 885, 3015, IndirectObject(783, 0, 6027468272), 3017, 3018, 885, 3019, IndirectObject(784, 0, 6027468272), 3022, 3023, 231, 3024, 3025, 317, 3026, IndirectObject(785, 0, 6027468272), 3027, 3028, 395, 3029, IndirectObject(786, 0, 6027468272), 3030, 3031, 395, 3032, IndirectObject(787, 0, 6027468272), 3033, 3034, 494, 3035, IndirectObject(788, 0, 6027468272), 3038, 3039, 221, 3040, IndirectObject(789, 0, 6027468272), 3056, 3058, 487, 3059, IndirectObject(790, 0, 6027468272), 3062, 3063, 556, 3064, 3065, 745, 3066, IndirectObject(791, 0, 6027468272), 3070, 3071, 623, 3072, IndirectObject(792, 0, 6027468272), 3074, 3075, 579, 3076, IndirectObject(793, 0, 6027468272), 3078, 3079, 643, 3080, IndirectObject(794, 0, 6027468272), 3081, 3082, 474, 3083, 3084, 642, 3085, 3087, 662, 3088, IndirectObject(795, 0, 6027468272), 3089, 3091, 527, 3092, IndirectObject(796, 0, 6027468272), 3125, 3126, 452, 3127, IndirectObject(797, 0, 6027468272), 3130, 3131, 469, 3132, 3133, 598, 3134, IndirectObject(798, 0, 6027468272), 3142, 3143, 479, 3144, IndirectObject(799, 0, 6027468272), 3145, 3147, 498, 3148, IndirectObject(800, 0, 6027468272), 3151, 3152, 541, 3153, IndirectObject(801, 0, 6027468272), 3154, 3155, 524, 3156, IndirectObject(802, 0, 6027468272), 3157, 3159, 453, 3160, IndirectObject(803, 0, 6027468272), 3184, 3185, 474, 3186, IndirectObject(804, 0, 6027468272), 3193, 3194, 439, 3195, IndirectObject(805, 0, 6027468272), 3198, 3199, 497, 3200, 3201, 664, 3202, IndirectObject(806, 0, 6027468272), 3210, 3211, 494, 3212, IndirectObject(807, 0, 6027468272), 3214, 3215, 579, 3216, IndirectObject(808, 0, 6027468272), 3219, 3220, 567, 3221, 3223, 583, 3224, IndirectObject(809, 0, 6027468272), 3225, 3227, 452, 3228, IndirectObject(810, 0, 6027468272), 3246, IndirectObject(811, 0, 6027468272), 3248, IndirectObject(812, 0, 6027468272), 3255, 3257, 0, 3258, 3259, 507, 3260, IndirectObject(813, 0, 6027468272), 3271, 3272, 533, 3273, IndirectObject(814, 0, 6027468272), 3296, 3297, 540, 3298, 3303, 500, 3304, IndirectObject(815, 0, 6027468272), 3317, 3319, 394, 3320, 3321, 291, 3322, IndirectObject(816, 0, 6027468272), 3337, 3338, 928, 3339, IndirectObject(817, 0, 6027468272), 3371, 3372, 0, 3373, IndirectObject(818, 0, 6027468272), 3380, 3381, 354, 3382, IndirectObject(819, 0, 6027468272), 3384, 3392, 1328, 3393, 3397, 0, 3398, 3399, 450, 3400, 3402, 393, 3403, IndirectObject(820, 0, 6027468272), 3404, 3405, 393, 3406, IndirectObject(821, 0, 6027468272), 3407, 3408, 395, 3409, IndirectObject(822, 0, 6027468272), 3415, 3418, 0, 3419, 3428, 393, 3429, 3430, 0, 3431, 3432, 450, 3433, IndirectObject(823, 0, 6027468272), 3437, 3438, 409, 3439, IndirectObject(824, 0, 6027468272), 3440, 3441, 410, 3442, 3443, 454, 3444, IndirectObject(825, 0, 6027468272), 3445, 3451, 0, 3452, IndirectObject(826, 0, 6027468272), 3455, 3458, 487, 3459, 3461, 494, 3462, 3464, 715, 3465, 3467, 559, 3468, 3470, 779, 3471, 3473, 439, 3474, 3476, 586, 3477, 3479, 807, 3480, 3675, 0, 3676, IndirectObject(827, 0, 6027468272), 3677, 3679, 442, 3680, IndirectObject(828, 0, 6027468272), 3681, 3684, 525, 3685, IndirectObject(829, 0, 6027468272), 3686, 3717, 1328, 3718, IndirectObject(830, 0, 6027468272), 3719, 3722, 507]
2025-07-11 17:59:44,130 - WARNING - incorrect startxref pointer(3)
2025-07-11 18:00:12,298 - WARNING - incorrect startxref pointer(3)
2025-07-11 18:00:13,109 - WARNING - incorrect startxref pointer(3)
2025-07-11 18:00:16,569 - WARNING - incorrect startxref pointer(3)
2025-07-11 18:00:38,529 - INFO - Loaded 1803 CV samples from 239 jobs
2025-07-11 18:00:38,532 - INFO - Stage distribution:
stage
REJECT       1193
SHORTLIST     403
INTERVIEW     157
ACCEPT         50
Name: count, dtype: int64
2025-07-11 18:00:38,532 - INFO - Preparing features...
2025-07-11 18:00:42,249 - INFO - Feature shape: (1803, 15)
2025-07-11 18:00:42,249 - INFO - Label distribution: [1193  403  157   50]
2025-07-11 18:00:42,249 - INFO - Starting model training...
2025-07-11 18:00:42,249 - INFO - Minimum samples per class: 50
2025-07-11 18:00:42,252 - INFO - Training set: (1442, 15), Test set: (361, 15)
2025-07-11 18:00:42,252 - INFO - Training ensemble models...
2025-07-11 18:00:49,966 - INFO - Evaluating models...
2025-07-11 18:00:49,990 - INFO - Classes found in data: [0 1 2 3]
2025-07-11 18:00:49,990 - INFO - Using stage names: ['REJECT', 'SHORTLIST', 'INTERVIEW', 'ACCEPT']
2025-07-11 18:00:49,992 - INFO - 
Classification Report:
2025-07-11 18:00:49,994 - INFO -               precision    recall  f1-score   support

      REJECT       0.71      0.95      0.81       239
   SHORTLIST       0.58      0.26      0.36        81
   INTERVIEW       0.33      0.03      0.06        31
      ACCEPT       0.00      0.00      0.00        10

    accuracy                           0.69       361
   macro avg       0.41      0.31      0.31       361
weighted avg       0.63      0.69      0.62       361

2025-07-11 18:00:50,157 - INFO - Analyzing feature importance...
2025-07-11 18:00:50,166 - INFO - 
Top 10 Most Important Features:
2025-07-11 18:00:50,166 - INFO - 1. Text Similarity: 0.3306
2025-07-11 18:00:50,166 - INFO - 2. Total Skills: 0.1381
2025-07-11 18:00:50,166 - INFO - 3. Industry Keywords: 0.1237
2025-07-11 18:00:50,166 - INFO - 4. Experience Ratio: 0.0972
2025-07-11 18:00:50,166 - INFO - 5. Experience Years: 0.0954
2025-07-11 18:00:50,167 - INFO - 6. Certifications: 0.0774
2025-07-11 18:00:50,167 - INFO - 7. Communication Score: 0.0534
2025-07-11 18:00:50,167 - INFO - 8. Achievements: 0.0530
2025-07-11 18:00:50,167 - INFO - 9. Education Level: 0.0106
2025-07-11 18:00:50,167 - INFO - 10. Meets Experience: 0.0085
2025-07-11 18:00:50,210 - INFO - Saving results...
2025-07-11 18:00:50,265 - INFO - Results saved successfully!
2025-07-11 18:00:50,265 - INFO - ==================================================
2025-07-11 18:00:50,265 - INFO - Training completed successfully!
2025-07-11 18:00:50,265 - INFO - Overall accuracy: 69.25%
2025-07-11 18:00:50,265 - INFO - ==================================================
2025-07-14 20:35:39,495 - INFO - ==================================================
2025-07-14 20:35:39,495 - INFO - Starting Recruitment AI Training Pipeline
2025-07-14 20:35:39,495 - INFO - ==================================================
2025-07-14 20:35:39,495 - INFO - Loading data from jobs
2025-07-14 20:35:39,497 - INFO - Found 236 job folders to process
2025-07-14 20:35:56,146 - WARNING - Previous trailer can not be read ("'NumberObject' object is not subscriptable",)
2025-07-14 20:35:56,146 - WARNING - Object ID 8,0 ref repaired
2025-07-14 20:35:56,147 - WARNING - Object 5 0 found
2025-07-14 20:35:56,147 - WARNING - Object ID 10,0 ref repaired
2025-07-14 20:35:56,148 - WARNING - Object 1 0 found
2025-07-14 20:35:56,148 - WARNING - Object ID 20,0 ref repaired
2025-07-14 20:35:56,148 - WARNING - Object ID 24,0 ref repaired
2025-07-14 20:35:56,148 - WARNING - Object ID 16,0 ref repaired
2025-07-14 20:35:56,149 - WARNING - Object ID 25,0 ref repaired
2025-07-14 20:35:56,151 - WARNING - Object ID 15,0 ref repaired
2025-07-14 20:35:56,153 - WARNING - Object ID 19,0 ref repaired
2025-07-14 20:35:56,155 - WARNING - Object ID 18,0 ref repaired
2025-07-14 20:35:56,157 - WARNING - Object ID 13,0 ref repaired
2025-07-14 20:35:56,160 - WARNING - Object ID 12,0 ref repaired
2025-07-14 20:35:56,181 - WARNING - Object 2 0 found
2025-07-14 20:35:56,182 - WARNING - Object 3 0 found
2025-07-14 20:35:57,044 - WARNING - incorrect startxref pointer(3)
2025-07-14 20:36:04,019 - WARNING - incorrect startxref pointer(3)
2025-07-14 20:36:04,910 - WARNING - XRef object at -1 can not be read, some object may be missing
2025-07-14 20:36:13,509 - WARNING - incorrect startxref pointer(3)
2025-07-14 20:36:14,893 - WARNING - incorrect startxref pointer(3)
2025-07-14 20:36:15,360 - WARNING - incorrect startxref pointer(3)
2025-07-14 20:36:16,118 - WARNING - XRef object at -1 can not be read, some object may be missing
2025-07-14 20:36:16,908 - WARNING - Previous trailer can not be read ("'NumberObject' object is not subscriptable",)
2025-07-14 20:36:16,908 - WARNING - Object ID 8,0 ref repaired
2025-07-14 20:36:16,909 - WARNING - Object 5 0 found
2025-07-14 20:36:16,909 - WARNING - Object ID 10,0 ref repaired
2025-07-14 20:36:16,910 - WARNING - Object 1 0 found
2025-07-14 20:36:16,910 - WARNING - Object ID 20,0 ref repaired
2025-07-14 20:36:16,910 - WARNING - Object ID 24,0 ref repaired
2025-07-14 20:36:16,910 - WARNING - Object ID 16,0 ref repaired
2025-07-14 20:36:16,910 - WARNING - Object ID 25,0 ref repaired
2025-07-14 20:36:16,913 - WARNING - Object ID 15,0 ref repaired
2025-07-14 20:36:16,915 - WARNING - Object ID 19,0 ref repaired
2025-07-14 20:36:16,917 - WARNING - Object ID 18,0 ref repaired
2025-07-14 20:36:16,919 - WARNING - Object ID 13,0 ref repaired
2025-07-14 20:36:16,921 - WARNING - Object ID 12,0 ref repaired
2025-07-14 20:36:16,943 - WARNING - Object 2 0 found
2025-07-14 20:36:16,944 - WARNING - Object 3 0 found
2025-07-14 20:36:19,097 - WARNING - unknown widths : 
[0, IndirectObject(7343, 0, 5647481152), 36, 37, 237, 38, IndirectObject(7344, 0, 5647481152), 43, 44, 570, 45, IndirectObject(7345, 0, 5647481152), 54, 75, 660, 76, IndirectObject(7346, 0, 5647481152), 77, 81, 686, 82, 84, 721, 85, IndirectObject(7347, 0, 5647481152), 86, 102, 597, 103, 108, 728, 109, 112, 730, 113, 123, 276, 124, IndirectObject(7348, 0, 5647481152), 126, 132, 561, 133, IndirectObject(7349, 0, 5647481152), 135, 141, 744, 142, 157, 751, 158, IndirectObject(7350, 0, 5647481152), 159, 164, 751, 165, 170, 642, 171, 177, 606, 178, IndirectObject(7351, 0, 5647481152), 179, 183, 558, 184, 206, 714, 207, 210, 936, 211, 218, 591, 219, 222, 597, 223, IndirectObject(7352, 0, 5647481152), 226, 247, 529, 248, IndirectObject(7353, 0, 5647481152), 249, 253, 506, 254, IndirectObject(7354, 0, 5647481152), 255, 257, 571, 258, 274, 523, 275, 280, 567, 281, 284, 566, 285, 296, 237, 297, IndirectObject(7355, 0, 5647481152), 302, 305, 237, 306, IndirectObject(7356, 0, 5647481152), 308, 315, 566, 316, 331, 550, 332, IndirectObject(7357, 0, 5647481152), 333, 338, 550, 339, 344, 352, 345, 351, 473, 352, IndirectObject(7358, 0, 5647481152), 353, 358, 319, 359, 381, 557, 382, 385, 767, 386, 393, 481, 394, 397, 451, 398, IndirectObject(7359, 0, 5647481152), 408, 409, 559, 410, IndirectObject(7360, 0, 5647481152), 419, 429, 547, 430, 431, 591, 432, IndirectObject(7361, 0, 5647481152), 452, 453, 200, 454, 455, 380, 456, IndirectObject(7362, 0, 5647481152), 458, 459, 369, 460, 461, 546, 462, IndirectObject(7363, 0, 5647481152), 464, 466, 378, 467, IndirectObject(7364, 0, 5647481152), 474, 475, 337, 476, 477, 342, 478, 479, 370, 480, IndirectObject(7365, 0, 5647481152), 485, 486, 508, 487, IndirectObject(7366, 0, 5647481152), 490, 491, 791, 492, IndirectObject(7367, 0, 5647481152), 508, 509, 219, 510, IndirectObject(7368, 0, 5647481152), 525, 526, 219, 527, IndirectObject(7369, 0, 5647481152), 542, 543, 219, 544, IndirectObject(7370, 0, 5647481152), 559, 560, 219, 561, IndirectObject(7371, 0, 5647481152), 594, 595, 355, 596, IndirectObject(7372, 0, 5647481152), 639, 640, 378, 641, IndirectObject(7373, 0, 5647481152), 643, 644, 546, 645, 646, 369, 647, 648, 337, 649, 650, 370, 651, 652, 342, 653, IndirectObject(7374, 0, 5647481152), 654, 655, 203, 656, 658, 186, 659, IndirectObject(7375, 0, 5647481152), 672, 674, 713, 675, IndirectObject(7376, 0, 5647481152), 677, 678, 615, 679, 680, 681, 681, IndirectObject(7377, 0, 5647481152), 685, 686, 713, 687, IndirectObject(7378, 0, 5647481152), 708, 709, 637, 710, 711, 693, 712, 713, 637, 714, 715, 693, 716, 717, 1020, 718, IndirectObject(7379, 0, 5647481152), 722, 723, 420, 724, IndirectObject(7380, 0, 5647481152), 725, 726, 281, 727, 728, 337, 729, 730, 312, 731, 754, 400, 755, 774, 0]
2025-07-14 20:36:19,098 - WARNING - unknown widths : 
[0, IndirectObject(7200, 0, 5647481152), 36, 37, 237, 38, IndirectObject(7201, 0, 5647481152), 43, 44, 570, 45, IndirectObject(7202, 0, 5647481152), 54, 75, 660, 76, IndirectObject(7203, 0, 5647481152), 77, 81, 686, 82, 84, 721, 85, IndirectObject(7204, 0, 5647481152), 86, 102, 597, 103, 108, 728, 109, 112, 730, 113, 123, 276, 124, IndirectObject(7205, 0, 5647481152), 126, 132, 561, 133, IndirectObject(7206, 0, 5647481152), 135, 141, 744, 142, 157, 751, 158, IndirectObject(7207, 0, 5647481152), 159, 164, 751, 165, 170, 642, 171, 177, 606, 178, IndirectObject(7208, 0, 5647481152), 179, 183, 558, 184, 206, 714, 207, 210, 936, 211, 218, 591, 219, 222, 597, 223, IndirectObject(7209, 0, 5647481152), 226, 247, 529, 248, IndirectObject(7210, 0, 5647481152), 249, 253, 506, 254, IndirectObject(7211, 0, 5647481152), 255, 257, 571, 258, 274, 523, 275, 280, 567, 281, 284, 566, 285, 296, 237, 297, IndirectObject(7212, 0, 5647481152), 302, 305, 237, 306, IndirectObject(7213, 0, 5647481152), 308, 315, 566, 316, 331, 550, 332, IndirectObject(7214, 0, 5647481152), 333, 338, 550, 339, 344, 352, 345, 351, 473, 352, IndirectObject(7215, 0, 5647481152), 353, 358, 319, 359, 381, 557, 382, 385, 767, 386, 393, 481, 394, 397, 451, 398, IndirectObject(7216, 0, 5647481152), 408, 409, 559, 410, IndirectObject(7217, 0, 5647481152), 419, 429, 547, 430, 431, 591, 432, IndirectObject(7218, 0, 5647481152), 452, 453, 200, 454, 455, 380, 456, IndirectObject(7219, 0, 5647481152), 458, 459, 369, 460, 461, 546, 462, IndirectObject(7220, 0, 5647481152), 464, 466, 378, 467, IndirectObject(7221, 0, 5647481152), 474, 475, 337, 476, 477, 342, 478, 479, 370, 480, IndirectObject(7222, 0, 5647481152), 485, 486, 508, 487, IndirectObject(7223, 0, 5647481152), 490, 491, 791, 492, IndirectObject(7224, 0, 5647481152), 508, 509, 219, 510, IndirectObject(7225, 0, 5647481152), 525, 526, 219, 527, IndirectObject(7226, 0, 5647481152), 542, 543, 219, 544, IndirectObject(7227, 0, 5647481152), 559, 560, 219, 561, IndirectObject(7228, 0, 5647481152), 594, 595, 355, 596, IndirectObject(7229, 0, 5647481152), 639, 640, 378, 641, IndirectObject(7230, 0, 5647481152), 643, 644, 546, 645, 646, 369, 647, 648, 337, 649, 650, 370, 651, 652, 342, 653, IndirectObject(7231, 0, 5647481152), 654, 655, 203, 656, 658, 186, 659, IndirectObject(7232, 0, 5647481152), 672, 674, 713, 675, IndirectObject(7233, 0, 5647481152), 677, 678, 615, 679, 680, 681, 681, IndirectObject(7234, 0, 5647481152), 685, 686, 713, 687, IndirectObject(7235, 0, 5647481152), 708, 709, 637, 710, 711, 693, 712, 713, 637, 714, 715, 693, 716, 717, 1020, 718, IndirectObject(7236, 0, 5647481152), 722, 723, 420, 724, IndirectObject(7237, 0, 5647481152), 725, 726, 281, 727, 728, 337, 729, 730, 312, 731, 754, 400, 755, 774, 0]
2025-07-14 20:36:34,087 - WARNING - incorrect startxref pointer(3)
2025-07-14 20:36:57,751 - WARNING - incorrect startxref pointer(3)
2025-07-14 20:36:59,582 - WARNING - incorrect startxref pointer(3)
2025-07-14 20:37:59,440 - WARNING - incorrect startxref pointer(3)
2025-07-14 20:37:59,993 - WARNING - incorrect startxref pointer(3)
2025-07-14 20:38:00,588 - WARNING - unknown widths : 
[0, IndirectObject(7343, 0, 5489044928), 36, 37, 237, 38, IndirectObject(7344, 0, 5489044928), 43, 44, 570, 45, IndirectObject(7345, 0, 5489044928), 54, 75, 660, 76, IndirectObject(7346, 0, 5489044928), 77, 81, 686, 82, 84, 721, 85, IndirectObject(7347, 0, 5489044928), 86, 102, 597, 103, 108, 728, 109, 112, 730, 113, 123, 276, 124, IndirectObject(7348, 0, 5489044928), 126, 132, 561, 133, IndirectObject(7349, 0, 5489044928), 135, 141, 744, 142, 157, 751, 158, IndirectObject(7350, 0, 5489044928), 159, 164, 751, 165, 170, 642, 171, 177, 606, 178, IndirectObject(7351, 0, 5489044928), 179, 183, 558, 184, 206, 714, 207, 210, 936, 211, 218, 591, 219, 222, 597, 223, IndirectObject(7352, 0, 5489044928), 226, 247, 529, 248, IndirectObject(7353, 0, 5489044928), 249, 253, 506, 254, IndirectObject(7354, 0, 5489044928), 255, 257, 571, 258, 274, 523, 275, 280, 567, 281, 284, 566, 285, 296, 237, 297, IndirectObject(7355, 0, 5489044928), 302, 305, 237, 306, IndirectObject(7356, 0, 5489044928), 308, 315, 566, 316, 331, 550, 332, IndirectObject(7357, 0, 5489044928), 333, 338, 550, 339, 344, 352, 345, 351, 473, 352, IndirectObject(7358, 0, 5489044928), 353, 358, 319, 359, 381, 557, 382, 385, 767, 386, 393, 481, 394, 397, 451, 398, IndirectObject(7359, 0, 5489044928), 408, 409, 559, 410, IndirectObject(7360, 0, 5489044928), 419, 429, 547, 430, 431, 591, 432, IndirectObject(7361, 0, 5489044928), 452, 453, 200, 454, 455, 380, 456, IndirectObject(7362, 0, 5489044928), 458, 459, 369, 460, 461, 546, 462, IndirectObject(7363, 0, 5489044928), 464, 466, 378, 467, IndirectObject(7364, 0, 5489044928), 474, 475, 337, 476, 477, 342, 478, 479, 370, 480, IndirectObject(7365, 0, 5489044928), 485, 486, 508, 487, IndirectObject(7366, 0, 5489044928), 490, 491, 791, 492, IndirectObject(7367, 0, 5489044928), 508, 509, 219, 510, IndirectObject(7368, 0, 5489044928), 525, 526, 219, 527, IndirectObject(7369, 0, 5489044928), 542, 543, 219, 544, IndirectObject(7370, 0, 5489044928), 559, 560, 219, 561, IndirectObject(7371, 0, 5489044928), 594, 595, 355, 596, IndirectObject(7372, 0, 5489044928), 639, 640, 378, 641, IndirectObject(7373, 0, 5489044928), 643, 644, 546, 645, 646, 369, 647, 648, 337, 649, 650, 370, 651, 652, 342, 653, IndirectObject(7374, 0, 5489044928), 654, 655, 203, 656, 658, 186, 659, IndirectObject(7375, 0, 5489044928), 672, 674, 713, 675, IndirectObject(7376, 0, 5489044928), 677, 678, 615, 679, 680, 681, 681, IndirectObject(7377, 0, 5489044928), 685, 686, 713, 687, IndirectObject(7378, 0, 5489044928), 708, 709, 637, 710, 711, 693, 712, 713, 637, 714, 715, 693, 716, 717, 1020, 718, IndirectObject(7379, 0, 5489044928), 722, 723, 420, 724, IndirectObject(7380, 0, 5489044928), 725, 726, 281, 727, 728, 337, 729, 730, 312, 731, 754, 400, 755, 774, 0]
2025-07-14 20:38:00,589 - WARNING - unknown widths : 
[0, IndirectObject(7200, 0, 5489044928), 36, 37, 237, 38, IndirectObject(7201, 0, 5489044928), 43, 44, 570, 45, IndirectObject(7202, 0, 5489044928), 54, 75, 660, 76, IndirectObject(7203, 0, 5489044928), 77, 81, 686, 82, 84, 721, 85, IndirectObject(7204, 0, 5489044928), 86, 102, 597, 103, 108, 728, 109, 112, 730, 113, 123, 276, 124, IndirectObject(7205, 0, 5489044928), 126, 132, 561, 133, IndirectObject(7206, 0, 5489044928), 135, 141, 744, 142, 157, 751, 158, IndirectObject(7207, 0, 5489044928), 159, 164, 751, 165, 170, 642, 171, 177, 606, 178, IndirectObject(7208, 0, 5489044928), 179, 183, 558, 184, 206, 714, 207, 210, 936, 211, 218, 591, 219, 222, 597, 223, IndirectObject(7209, 0, 5489044928), 226, 247, 529, 248, IndirectObject(7210, 0, 5489044928), 249, 253, 506, 254, IndirectObject(7211, 0, 5489044928), 255, 257, 571, 258, 274, 523, 275, 280, 567, 281, 284, 566, 285, 296, 237, 297, IndirectObject(7212, 0, 5489044928), 302, 305, 237, 306, IndirectObject(7213, 0, 5489044928), 308, 315, 566, 316, 331, 550, 332, IndirectObject(7214, 0, 5489044928), 333, 338, 550, 339, 344, 352, 345, 351, 473, 352, IndirectObject(7215, 0, 5489044928), 353, 358, 319, 359, 381, 557, 382, 385, 767, 386, 393, 481, 394, 397, 451, 398, IndirectObject(7216, 0, 5489044928), 408, 409, 559, 410, IndirectObject(7217, 0, 5489044928), 419, 429, 547, 430, 431, 591, 432, IndirectObject(7218, 0, 5489044928), 452, 453, 200, 454, 455, 380, 456, IndirectObject(7219, 0, 5489044928), 458, 459, 369, 460, 461, 546, 462, IndirectObject(7220, 0, 5489044928), 464, 466, 378, 467, IndirectObject(7221, 0, 5489044928), 474, 475, 337, 476, 477, 342, 478, 479, 370, 480, IndirectObject(7222, 0, 5489044928), 485, 486, 508, 487, IndirectObject(7223, 0, 5489044928), 490, 491, 791, 492, IndirectObject(7224, 0, 5489044928), 508, 509, 219, 510, IndirectObject(7225, 0, 5489044928), 525, 526, 219, 527, IndirectObject(7226, 0, 5489044928), 542, 543, 219, 544, IndirectObject(7227, 0, 5489044928), 559, 560, 219, 561, IndirectObject(7228, 0, 5489044928), 594, 595, 355, 596, IndirectObject(7229, 0, 5489044928), 639, 640, 378, 641, IndirectObject(7230, 0, 5489044928), 643, 644, 546, 645, 646, 369, 647, 648, 337, 649, 650, 370, 651, 652, 342, 653, IndirectObject(7231, 0, 5489044928), 654, 655, 203, 656, 658, 186, 659, IndirectObject(7232, 0, 5489044928), 672, 674, 713, 675, IndirectObject(7233, 0, 5489044928), 677, 678, 615, 679, 680, 681, 681, IndirectObject(7234, 0, 5489044928), 685, 686, 713, 687, IndirectObject(7235, 0, 5489044928), 708, 709, 637, 710, 711, 693, 712, 713, 637, 714, 715, 693, 716, 717, 1020, 718, IndirectObject(7236, 0, 5489044928), 722, 723, 420, 724, IndirectObject(7237, 0, 5489044928), 725, 726, 281, 727, 728, 337, 729, 730, 312, 731, 754, 400, 755, 774, 0]
2025-07-14 20:38:25,847 - WARNING - incorrect startxref pointer(3)
2025-07-14 20:38:45,911 - WARNING - Previous trailer can not be read ("'NumberObject' object is not subscriptable",)
2025-07-14 20:38:45,911 - WARNING - Object ID 17,0 ref repaired
2025-07-14 20:38:45,912 - WARNING - Object 14 0 found
2025-07-14 20:38:45,913 - WARNING - Object ID 19,0 ref repaired
2025-07-14 20:38:45,913 - WARNING - Object 1 0 found
2025-07-14 20:38:45,914 - WARNING - Object 5 0 found
2025-07-14 20:38:45,916 - WARNING - Object 9 0 found
2025-07-14 20:38:45,916 - WARNING - Object ID 20,0 ref repaired
2025-07-14 20:38:45,916 - WARNING - Object ID 33,0 ref repaired
2025-07-14 20:38:45,916 - WARNING - Object ID 41,0 ref repaired
2025-07-14 20:38:45,917 - WARNING - Object ID 38,0 ref repaired
2025-07-14 20:38:45,917 - WARNING - Object ID 23,0 ref repaired
2025-07-14 20:38:45,917 - WARNING - Object ID 39,0 ref repaired
2025-07-14 20:38:45,919 - WARNING - Object ID 22,0 ref repaired
2025-07-14 20:38:45,921 - WARNING - Object ID 26,0 ref repaired
2025-07-14 20:38:45,921 - WARNING - Object ID 40,0 ref repaired
2025-07-14 20:38:45,924 - WARNING - Object ID 25,0 ref repaired
2025-07-14 20:38:45,927 - WARNING - Object ID 29,0 ref repaired
2025-07-14 20:38:45,930 - WARNING - Object ID 28,0 ref repaired
2025-07-14 20:38:45,932 - WARNING - Object ID 32,0 ref repaired
2025-07-14 20:38:45,935 - WARNING - Object ID 31,0 ref repaired
2025-07-14 20:38:46,000 - WARNING - Object 2 0 found
2025-07-14 20:38:46,001 - WARNING - Object 3 0 found
2025-07-14 20:38:46,002 - WARNING - Object 4 0 found
2025-07-14 20:38:46,027 - WARNING - Object 6 0 found
2025-07-14 20:38:46,028 - WARNING - Object 7 0 found
2025-07-14 20:38:46,029 - WARNING - Object 8 0 found
2025-07-14 20:38:46,055 - WARNING - Object 11 0 found
2025-07-14 20:38:46,056 - WARNING - Object 10 0 found
2025-07-14 20:38:46,057 - WARNING - Object 12 0 found
2025-07-14 20:39:00,135 - WARNING - unknown widths : 
[0, IndirectObject(362, 0, 5429814992)]
2025-07-14 20:39:00,135 - WARNING - unknown widths : 
[0, IndirectObject(357, 0, 5429814992)]
2025-07-14 20:39:00,136 - WARNING - unknown widths : 
[0, IndirectObject(352, 0, 5429814992)]
2025-07-14 20:39:00,136 - WARNING - unknown widths : 
[0, IndirectObject(347, 0, 5429814992)]
2025-07-14 20:39:02,822 - WARNING - unknown widths : 
[0, IndirectObject(464, 0, 5429814992)]
2025-07-14 20:39:02,823 - WARNING - unknown widths : 
[0, IndirectObject(459, 0, 5429814992)]
2025-07-14 20:39:02,823 - WARNING - unknown widths : 
[0, IndirectObject(454, 0, 5429814992)]
2025-07-14 20:39:02,823 - WARNING - unknown widths : 
[0, IndirectObject(449, 0, 5429814992)]
2025-07-14 20:39:02,823 - WARNING - unknown widths : 
[0, IndirectObject(444, 0, 5429814992)]
2025-07-14 20:39:02,830 - WARNING - unknown widths : 
[0, IndirectObject(437, 0, 5429814992)]
2025-07-14 20:39:02,830 - WARNING - unknown widths : 
[0, IndirectObject(432, 0, 5429814992)]
2025-07-14 20:39:13,173 - WARNING - incorrect startxref pointer(3)
2025-07-14 20:39:47,128 - WARNING - incorrect startxref pointer(3)
2025-07-14 20:39:49,315 - WARNING - Multiple definitions in dictionary at byte 0x7d for key /Subtype
2025-07-14 20:39:49,351 - WARNING - Multiple definitions in dictionary at byte 0x7d for key /Subtype
2025-07-14 20:39:49,373 - WARNING - Multiple definitions in dictionary at byte 0x7d for key /Subtype
2025-07-14 20:39:54,761 - WARNING - unknown widths : 
[0, IndirectObject(545, 0, 5489828528), 1, 2, 0, 3, IndirectObject(546, 0, 5489828528), 4, 14, 579, 15, 16, 763, 17, IndirectObject(547, 0, 5489828528), 18, 23, 533, 24, 25, 615, 26, 27, 625, 28, 37, 488, 38, IndirectObject(548, 0, 5489828528), 39, 43, 631, 44, 45, 623, 46, IndirectObject(549, 0, 5489828528), 47, 56, 252, 57, IndirectObject(550, 0, 5489828528), 58, 59, 319, 60, 61, 520, 62, 63, 420, 64, IndirectObject(551, 0, 5489828528), 69, 73, 646, 74, IndirectObject(552, 0, 5489828528), 75, 83, 662, 84, 85, 664, 86, IndirectObject(553, 0, 5489828528), 87, 88, 517, 89, IndirectObject(554, 0, 5489828528), 90, 93, 543, 94, 99, 459, 100, 103, 487, 104, 114, 642, 115, IndirectObject(555, 0, 5489828528), 116, 120, 890, 121, IndirectObject(556, 0, 5489828528), 122, 126, 487, 127, 130, 468, 131, 141, 494, 142, 143, 670, 144, IndirectObject(557, 0, 5489828528), 145, 150, 474, 151, 152, 549, 153, 154, 558, 155, 164, 438, 165, IndirectObject(558, 0, 5489828528), 166, 170, 563, 171, 172, 559, 173, IndirectObject(559, 0, 5489828528), 174, 183, 240, 184, IndirectObject(560, 0, 5489828528), 185, 186, 280, 187, 188, 473, 189, 190, 359, 191, IndirectObject(561, 0, 5489828528), 196, 200, 571, 201, IndirectObject(562, 0, 5489828528), 202, 210, 583, 211, 212, 591, 213, IndirectObject(563, 0, 5489828528), 214, 215, 471, 216, IndirectObject(564, 0, 5489828528), 217, 220, 491, 221, 226, 414, 227, 230, 418, 231, 241, 569, 242, IndirectObject(565, 0, 5489828528), 243, 247, 780, 248, IndirectObject(566, 0, 5489828528), 249, 253, 439, 254, 257, 426, 258, 268, 479, 269, 270, 773, 271, IndirectObject(567, 0, 5489828528), 272, 277, 423, 278, IndirectObject(568, 0, 5489828528), 280, 281, 750, 282, IndirectObject(569, 0, 5489828528), 286, 295, 498, 296, IndirectObject(570, 0, 5489828528), 302, 305, 529, 306, 309, 539, 310, 311, 529, 312, 315, 808, 316, 319, 817, 320, 321, 808, 322, 323, 529, 324, IndirectObject(571, 0, 5489828528), 327, 328, 529, 329, IndirectObject(572, 0, 5489828528), 332, 333, 616, 334, IndirectObject(573, 0, 5489828528), 336, 340, 471, 341, 347, 525, 348, IndirectObject(574, 0, 5489828528), 349, 358, 229, 359, IndirectObject(575, 0, 5489828528), 361, 363, 239, 364, 366, 455, 367, 368, 229, 369, IndirectObject(576, 0, 5489828528), 374, 378, 525, 379, IndirectObject(577, 0, 5489828528), 381, 389, 527, 390, 391, 529, 392, IndirectObject(578, 0, 5489828528), 393, 395, 525, 396, 399, 349, 400, 405, 391, 406, IndirectObject(579, 0, 5489828528), 414, 423, 557, 424, IndirectObject(580, 0, 5489828528), 426, 435, 856, 436, 446, 525, 447, IndirectObject(581, 0, 5489828528), 448, 452, 715, 453, IndirectObject(582, 0, 5489828528), 454, 458, 453, 459, 462, 395, 463, IndirectObject(583, 0, 5489828528), 479, 482, 362, 483, IndirectObject(584, 0, 5489828528), 495, 496, 0, 497, IndirectObject(585, 0, 5489828528), 500, 501, 0, 502, IndirectObject(586, 0, 5489828528), 505, 506, 0, 507, IndirectObject(587, 0, 5489828528), 510, 511, 0, 512, IndirectObject(588, 0, 5489828528), 516, 517, 0, 518, IndirectObject(589, 0, 5489828528), 522, 523, 0, 524, IndirectObject(590, 0, 5489828528), 527, 528, 0, 529, IndirectObject(591, 0, 5489828528), 532, 533, 0, 534, IndirectObject(592, 0, 5489828528), 537, 538, 0, 539, IndirectObject(593, 0, 5489828528), 545, 546, 0, 547, IndirectObject(594, 0, 5489828528), 549, 550, 226, 551, 552, 0, 553, IndirectObject(595, 0, 5489828528), 559, 560, 579, 561, IndirectObject(596, 0, 5489828528), 564, 565, 488, 566, IndirectObject(597, 0, 5489828528), 567, 568, 623, 569, IndirectObject(598, 0, 5489828528), 570, 572, 252, 573, IndirectObject(599, 0, 5489828528), 578, 579, 662, 580, IndirectObject(600, 0, 5489828528), 583, 586, 487, 587, IndirectObject(601, 0, 5489828528), 590, 591, 664, 592, 593, 494, 594, IndirectObject(602, 0, 5489828528), 597, 598, 438, 599, IndirectObject(603, 0, 5489828528), 600, 601, 559, 602, IndirectObject(604, 0, 5489828528), 603, 605, 240, 606, IndirectObject(605, 0, 5489828528), 611, 612, 583, 613, IndirectObject(606, 0, 5489828528), 617, 619, 439, 620, IndirectObject(607, 0, 5489828528), 623, 624, 586, 625, 626, 567, 627, IndirectObject(608, 0, 5489828528), 631, 632, 456, 633, IndirectObject(609, 0, 5489828528), 634, 635, 537, 636, IndirectObject(610, 0, 5489828528), 638, 641, 274, 642, IndirectObject(611, 0, 5489828528), 646, 647, 376, 648, 649, 527, 650, IndirectObject(612, 0, 5489828528), 655, 658, 542, 659, IndirectObject(613, 0, 5489828528), 663, 664, 696, 665, IndirectObject(614, 0, 5489828528), 668, 670, 252, 671, IndirectObject(615, 0, 5489828528), 672, 673, 250, 674, IndirectObject(616, 0, 5489828528), 677, 678, 430, 679, IndirectObject(617, 0, 5489828528), 681, 683, 488, 684, IndirectObject(618, 0, 5489828528), 686, 688, 642, 689, 690, 252, 691, IndirectObject(619, 0, 5489828528), 692, 693, 543, 694, IndirectObject(620, 0, 5489828528), 699, 700, 662, 701, IndirectObject(621, 0, 5489828528), 706, 707, 527, 708, IndirectObject(622, 0, 5489828528), 729, 730, 385, 731, IndirectObject(623, 0, 5489828528), 733, 735, 438, 736, IndirectObject(624, 0, 5489828528), 738, 740, 567, 741, 742, 240, 743, IndirectObject(625, 0, 5489828528), 744, 745, 474, 746, IndirectObject(626, 0, 5489828528), 749, 750, 583, 751, IndirectObject(627, 0, 5489828528), 756, 757, 452, 758, IndirectObject(628, 0, 5489828528), 782, 783, 346, 784, IndirectObject(629, 0, 5489828528), 786, 788, 498, 789, IndirectObject(630, 0, 5489828528), 791, 793, 541, 794, 795, 229, 796, IndirectObject(631, 0, 5489828528), 797, 798, 464, 799, IndirectObject(632, 0, 5489828528), 811, 812, 453, 813, IndirectObject(633, 0, 5489828528), 831, 833, 429, 834, 835, 0, 836, 838, 326, 839, 841, 463, 842, IndirectObject(634, 0, 5489828528), 843, 844, 297, 845, IndirectObject(635, 0, 5489828528), 848, 849, 268, 850, IndirectObject(636, 0, 5489828528), 852, 855, 250, 856, 859, 418, 860, IndirectObject(637, 0, 5489828528), 862, 865, 339, 866, 869, 512, 870, IndirectObject(638, 0, 5489828528), 876, 877, 306, 878, 879, 498, 880, 883, 905, 884, 885, 498, 886, 887, 252, 888, 889, 303, 890, 891, 307, 892, 893, 314, 894, 895, 281, 896, 897, 286, 898, 899, 303, 900, 901, 307, 902, 903, 314, 904, 907, 498, 908, IndirectObject(639, 0, 5489828528), 910, 911, 498, 912, IndirectObject(640, 0, 5489828528), 920, 921, 834, 922, IndirectObject(641, 0, 5489828528), 932, 933, 498, 934, IndirectObject(642, 0, 5489828528), 940, 941, 453, 942, IndirectObject(643, 0, 5489828528), 949, 950, 490, 951, IndirectObject(644, 0, 5489828528), 955, 956, 526, 957, 966, 507, 967, IndirectObject(645, 0, 5489828528), 977, 986, 453, 987, IndirectObject(646, 0, 5489828528), 989, 990, 490, 991, IndirectObject(647, 0, 5489828528), 995, 996, 526, 997, 1006, 507, 1007, IndirectObject(648, 0, 5489828528), 1020, 1021, 217, 1022, IndirectObject(649, 0, 5489828528), 1035, 1036, 217, 1037, IndirectObject(650, 0, 5489828528), 1040, 1041, 286, 1042, IndirectObject(651, 0, 5489828528), 1050, 1051, 286, 1052, IndirectObject(652, 0, 5489828528), 1065, 1066, 723, 1067, IndirectObject(653, 0, 5489828528), 1078, 1090, 498, 1091, IndirectObject(654, 0, 5489828528), 1103, 1106, 905, 1107, 1110, 882, 1111, IndirectObject(655, 0, 5489828528), 1115, 1131, 550, 1132, 1143, 579, 1144, 1151, 488, 1152, 1153, 252, 1154, 1160, 662, 1161, 1166, 697, 1167, 1168, 642, 1169, 1174, 722, 1175, 1177, 487, 1178, 1189, 479, 1190, 1197, 498, 1198, 1199, 229, 1200, 1206, 527, 1207, 1212, 578, 1213, 1214, 525, 1215, 1220, 603, 1221, 1223, 453, 1224, IndirectObject(656, 0, 5489828528), 1226, 1237, 494, 1238, 1245, 438, 1246, 1247, 240, 1248, 1254, 583, 1255, 1260, 615, 1261, 1262, 569, 1263, 1268, 635, 1269, 1271, 439, 1272, IndirectObject(657, 0, 5489828528), 1273, 1280, 550, 1281, IndirectObject(658, 0, 5489828528), 1282, 1283, 643, 1284, IndirectObject(659, 0, 5489828528), 1285, 1286, 572, 1287, IndirectObject(660, 0, 5489828528), 1292, 1294, 529, 1295, 1297, 808, 1298, IndirectObject(661, 0, 5489828528), 1311, 1312, 432, 1313, IndirectObject(662, 0, 5489828528), 1325, 1326, 550, 1327, 1328, 469, 1329, 1331, 381, 1332, 1333, 250, 1334, 1335, 0, 1336, 1342, 333, 1343, 1344, 312, 1345, IndirectObject(663, 0, 5489828528), 1347, 1348, 333, 1349, 1356, 0, 1357, IndirectObject(664, 0, 5489828528), 1359, 1360, 333, 1361, 1362, 450, 1363, 1368, 0, 1369, IndirectObject(665, 0, 5489828528), 1370, 1371, 500, 1372, IndirectObject(666, 0, 5489828528), 1376, 1377, 333, 1378, IndirectObject(667, 0, 5489828528), 1383, 1386, 920, 1387, IndirectObject(668, 0, 5489828528), 1388, 1389, 920, 1390, IndirectObject(669, 0, 5489828528), 1403, 1404, 394, 1405, IndirectObject(670, 0, 5489828528), 1440, 1441, 474, 1442, IndirectObject(671, 0, 5489828528), 1452, 1456, 642, 1457, 1458, 579, 1459, IndirectObject(672, 0, 5489828528), 1460, 1461, 631, 1462, IndirectObject(673, 0, 5489828528), 1463, 1464, 662, 1465, IndirectObject(674, 0, 5489828528), 1472, 1473, 579, 1474, 1475, 488, 1476, 1477, 252, 1478, 1479, 662, 1480, 1481, 543, 1482, 1483, 642, 1484, IndirectObject(675, 0, 5489828528), 1491, 1494, 662, 1495, IndirectObject(676, 0, 5489828528), 1510, 1512, 544, 1513, IndirectObject(677, 0, 5489828528), 1514, 1518, 615, 1519, 1523, 488, 1524, IndirectObject(678, 0, 5489828528), 1526, 1530, 623, 1531, 1532, 252, 1533, 1535, 520, 1536, 1539, 420, 1540, 1542, 855, 1543, 1546, 646, 1547, 1550, 662, 1551, 1552, 517, 1553, 1556, 543, 1557, 1561, 459, 1562, 1565, 487, 1566, 1570, 642, 1571, 1572, 567, 1573, 1574, 890, 1575, 1576, 519, 1577, IndirectObject(679, 0, 5489828528), 1578, 1580, 468, 1581, IndirectObject(680, 0, 5489828528), 1592, 1593, 525, 1594, IndirectObject(681, 0, 5489828528), 1620, 1624, 525, 1625, IndirectObject(682, 0, 5489828528), 1626, 1627, 479, 1628, IndirectObject(683, 0, 5489828528), 1632, 1633, 527, 1634, IndirectObject(684, 0, 5489828528), 1639, 1640, 479, 1641, 1642, 498, 1643, 1644, 229, 1645, 1646, 527, 1647, 1648, 349, 1649, 1650, 525, 1651, IndirectObject(685, 0, 5489828528), 1658, 1661, 527, 1662, IndirectObject(686, 0, 5489828528), 1673, 1674, 281, 1675, IndirectObject(687, 0, 5489828528), 1686, 1688, 525, 1689, IndirectObject(688, 0, 5489828528), 1690, 1694, 525, 1695, 1699, 498, 1700, IndirectObject(689, 0, 5489828528), 1702, 1706, 525, 1707, 1709, 229, 1710, 1712, 455, 1713, 1716, 229, 1717, 1719, 799, 1720, 1723, 525, 1724, 1727, 527, 1728, 1729, 525, 1730, 1733, 349, 1734, 1738, 391, 1739, 1742, 335, 1743, 1747, 525, 1748, 1749, 452, 1750, 1751, 715, 1752, 1753, 433, 1754, IndirectObject(690, 0, 5489828528), 1755, 1757, 395, 1758, IndirectObject(691, 0, 5489828528), 1776, 1777, 491, 1778, IndirectObject(692, 0, 5489828528), 1818, 1822, 569, 1823, 1824, 494, 1825, IndirectObject(693, 0, 5489828528), 1826, 1827, 563, 1828, IndirectObject(694, 0, 5489828528), 1829, 1830, 583, 1831, IndirectObject(695, 0, 5489828528), 1838, 1839, 494, 1840, 1841, 438, 1842, 1843, 240, 1844, 1845, 583, 1846, 1847, 491, 1848, 1849, 569, 1850, IndirectObject(696, 0, 5489828528), 1857, 1860, 583, 1861, IndirectObject(697, 0, 5489828528), 1882, 1884, 502, 1885, IndirectObject(698, 0, 5489828528), 1886, 1890, 549, 1891, 1895, 438, 1896, IndirectObject(699, 0, 5489828528), 1898, 1902, 559, 1903, 1904, 240, 1905, 1907, 473, 1908, 1911, 359, 1912, 1914, 753, 1915, 1918, 571, 1919, 1922, 583, 1923, 1924, 471, 1925, 1928, 491, 1929, 1933, 414, 1934, 1937, 418, 1938, 1942, 569, 1943, 1944, 499, 1945, 1946, 780, 1947, 1948, 475, 1949, IndirectObject(700, 0, 5489828528), 1950, 1952, 426, 1953, IndirectObject(701, 0, 5489828528), 1968, 1969, 529, 1970, 1971, 535, 1972, 1973, 529, 1974, IndirectObject(702, 0, 5489828528), 1975, 1976, 529, 1977, 1978, 808, 1979, 1980, 813, 1981, 1982, 808, 1983, IndirectObject(703, 0, 5489828528), 1984, 1985, 808, 1986, 1994, 557, 1995, 2003, 856, 2004, IndirectObject(704, 0, 5489828528), 2005, 2007, 525, 2008, IndirectObject(705, 0, 5489828528), 2010, 2011, 525, 2012, 2013, 498, 2014, IndirectObject(706, 0, 5489828528), 2015, 2016, 423, 2017, IndirectObject(707, 0, 5489828528), 2020, 2021, 525, 2022, IndirectObject(708, 0, 5489828528), 2025, 2027, 525, 2028, IndirectObject(709, 0, 5489828528), 2036, 2037, 798, 2038, IndirectObject(710, 0, 5489828528), 2039, 2040, 525, 2041, IndirectObject(711, 0, 5489828528), 2046, 2050, 349, 2051, 2052, 319, 2053, 2054, 449, 2055, IndirectObject(712, 0, 5489828528), 2060, 2061, 335, 2062, IndirectObject(713, 0, 5489828528), 2073, 2075, 447, 2076, IndirectObject(714, 0, 5489828528), 2086, 2087, 447, 2088, IndirectObject(715, 0, 5489828528), 2097, 2098, 492, 2099, IndirectObject(716, 0, 5489828528), 2123, 2124, 527, 2125, IndirectObject(717, 0, 5489828528), 2126, 2127, 476, 2128, IndirectObject(718, 0, 5489828528), 2150, 2151, 332, 2152, IndirectObject(719, 0, 5489828528), 2159, 2161, 432, 2162, IndirectObject(720, 0, 5489828528), 2168, 2169, 334, 2170, IndirectObject(721, 0, 5489828528), 2172, 2173, 362, 2174, 2175, 340, 2176, 2177, 308, 2178, IndirectObject(722, 0, 5489828528), 2182, 2183, 362, 2184, IndirectObject(723, 0, 5489828528), 2185, 2187, 362, 2188, IndirectObject(724, 0, 5489828528), 2248, 2249, 423, 2250, IndirectObject(725, 0, 5489828528), 2261, 2262, 219, 2263, IndirectObject(726, 0, 5489828528), 2273, 2274, 542, 2275, IndirectObject(727, 0, 5489828528), 2285, 2286, 362, 2287, IndirectObject(728, 0, 5489828528), 2293, 2294, 364, 2295, IndirectObject(729, 0, 5489828528), 2296, 2297, 245, 2298, IndirectObject(730, 0, 5489828528), 2304, 2306, 250, 2307, 2308, 226, 2309, 2310, 325, 2311, 2312, 498, 2313, 2314, 537, 2315, IndirectObject(731, 0, 5489828528), 2322, 2323, 278, 2324, 2325, 226, 2326, 2331, 333, 2332, IndirectObject(732, 0, 5489828528), 2337, 2341, 383, 2342, 2345, 542, 2346, IndirectObject(733, 0, 5489828528), 2347, 2357, 542, 2358, IndirectObject(734, 0, 5489828528), 2359, 2363, 542, 2364, IndirectObject(735, 0, 5489828528), 2365, 2369, 542, 2370, IndirectObject(736, 0, 5489828528), 2371, 2379, 542, 2380, IndirectObject(737, 0, 5489828528), 2381, 2391, 542, 2392, IndirectObject(738, 0, 5489828528), 2393, 2397, 542, 2398, IndirectObject(739, 0, 5489828528), 2399, 2403, 542, 2404, IndirectObject(740, 0, 5489828528), 2405, 2413, 542, 2414, IndirectObject(741, 0, 5489828528), 2415, 2419, 542, 2420, IndirectObject(742, 0, 5489828528), 2421, 2425, 542, 2426, IndirectObject(743, 0, 5489828528), 2427, 2431, 542, 2432, IndirectObject(744, 0, 5489828528), 2433, 2437, 542, 2438, IndirectObject(745, 0, 5489828528), 2439, 2447, 542, 2448, IndirectObject(746, 0, 5489828528), 2449, 2453, 542, 2454, IndirectObject(747, 0, 5489828528), 2455, 2459, 542, 2460, IndirectObject(748, 0, 5489828528), 2461, 2465, 542, 2466, IndirectObject(749, 0, 5489828528), 2467, 2471, 542, 2472, IndirectObject(750, 0, 5489828528), 2473, 2481, 542, 2482, 2483, 333, 2484, IndirectObject(751, 0, 5489828528), 2487, 2490, 333, 2491, IndirectObject(752, 0, 5489828528), 2493, 2494, 469, 2495, IndirectObject(753, 0, 5489828528), 2497, 2500, 333, 2501, 2502, 531, 2503, IndirectObject(754, 0, 5489828528), 2504, 2505, 394, 2506, IndirectObject(755, 0, 5489828528), 2508, 2509, 884, 2510, IndirectObject(756, 0, 5489828528), 2516, 2518, 395, 2519, 2522, 550, 2523, IndirectObject(757, 0, 5489828528), 2524, 2527, 533, 2528, IndirectObject(758, 0, 5489828528), 2539, 2540, 432, 2541, IndirectObject(759, 0, 5489828528), 2544, 2545, 509, 2546, 2549, 423, 2550, IndirectObject(760, 0, 5489828528), 2561, 2564, 474, 2565, 2567, 442, 2568, IndirectObject(761, 0, 5489828528), 2575, 2595, 579, 2596, 2604, 799, 2605, IndirectObject(762, 0, 5489828528), 2606, 2607, 592, 2608, IndirectObject(763, 0, 5489828528), 2611, 2612, 488, 2613, IndirectObject(764, 0, 5489828528), 2614, 2615, 727, 2616, IndirectObject(765, 0, 5489828528), 2618, 2619, 727, 2620, IndirectObject(766, 0, 5489828528), 2621, 2624, 623, 2625, 2626, 727, 2627, IndirectObject(767, 0, 5489828528), 2629, 2630, 727, 2631, IndirectObject(768, 0, 5489828528), 2632, 2633, 844, 2634, 2635, 948, 2636, IndirectObject(769, 0, 5489828528), 2638, 2639, 948, 2640, IndirectObject(770, 0, 5489828528), 2642, 2643, 356, 2644, IndirectObject(771, 0, 5489828528), 2646, 2647, 356, 2648, IndirectObject(772, 0, 5489828528), 2649, 2652, 252, 2653, IndirectObject(773, 0, 5489828528), 2659, 2660, 662, 2661, IndirectObject(774, 0, 5489828528), 2666, 2669, 487, 2670, IndirectObject(775, 0, 5489828528), 2678, 2681, 664, 2682, IndirectObject(776, 0, 5489828528), 2689, 2690, 885, 2691, IndirectObject(777, 0, 5489828528), 2698, 2722, 567, 2723, 2730, 456, 2731, 2753, 537, 2754, 2769, 274, 2770, 2777, 527, 2778, 2779, 509, 2780, 2795, 542, 2796, 2818, 696, 2819, 2840, 494, 2841, 2849, 715, 2850, 2857, 438, 2858, 2877, 559, 2878, 2886, 779, 2887, 2902, 240, 2903, 2910, 583, 2911, 2912, 471, 2913, IndirectObject(778, 0, 5489828528), 2939, 2958, 586, 2959, 2967, 807, 2968, 2976, 579, 2977, 2978, 623, 2979, 2980, 727, 2981, IndirectObject(779, 0, 5489828528), 2983, 2984, 727, 2985, IndirectObject(780, 0, 5489828528), 2986, 2987, 664, 2988, IndirectObject(781, 0, 5489828528), 2995, 3003, 799, 3004, 3005, 844, 3006, 3007, 948, 3008, 3009, 844, 3010, 3011, 948, 3012, IndirectObject(782, 0, 5489828528), 3013, 3014, 885, 3015, IndirectObject(783, 0, 5489828528), 3017, 3018, 885, 3019, IndirectObject(784, 0, 5489828528), 3022, 3023, 231, 3024, 3025, 317, 3026, IndirectObject(785, 0, 5489828528), 3027, 3028, 395, 3029, IndirectObject(786, 0, 5489828528), 3030, 3031, 395, 3032, IndirectObject(787, 0, 5489828528), 3033, 3034, 494, 3035, IndirectObject(788, 0, 5489828528), 3038, 3039, 221, 3040, IndirectObject(789, 0, 5489828528), 3056, 3058, 487, 3059, IndirectObject(790, 0, 5489828528), 3062, 3063, 556, 3064, 3065, 745, 3066, IndirectObject(791, 0, 5489828528), 3070, 3071, 623, 3072, IndirectObject(792, 0, 5489828528), 3074, 3075, 579, 3076, IndirectObject(793, 0, 5489828528), 3078, 3079, 643, 3080, IndirectObject(794, 0, 5489828528), 3081, 3082, 474, 3083, 3084, 642, 3085, 3087, 662, 3088, IndirectObject(795, 0, 5489828528), 3089, 3091, 527, 3092, IndirectObject(796, 0, 5489828528), 3125, 3126, 452, 3127, IndirectObject(797, 0, 5489828528), 3130, 3131, 469, 3132, 3133, 598, 3134, IndirectObject(798, 0, 5489828528), 3142, 3143, 479, 3144, IndirectObject(799, 0, 5489828528), 3145, 3147, 498, 3148, IndirectObject(800, 0, 5489828528), 3151, 3152, 541, 3153, IndirectObject(801, 0, 5489828528), 3154, 3155, 524, 3156, IndirectObject(802, 0, 5489828528), 3157, 3159, 453, 3160, IndirectObject(803, 0, 5489828528), 3184, 3185, 474, 3186, IndirectObject(804, 0, 5489828528), 3193, 3194, 439, 3195, IndirectObject(805, 0, 5489828528), 3198, 3199, 497, 3200, 3201, 664, 3202, IndirectObject(806, 0, 5489828528), 3210, 3211, 494, 3212, IndirectObject(807, 0, 5489828528), 3214, 3215, 579, 3216, IndirectObject(808, 0, 5489828528), 3219, 3220, 567, 3221, 3223, 583, 3224, IndirectObject(809, 0, 5489828528), 3225, 3227, 452, 3228, IndirectObject(810, 0, 5489828528), 3246, IndirectObject(811, 0, 5489828528), 3248, IndirectObject(812, 0, 5489828528), 3255, 3257, 0, 3258, 3259, 507, 3260, IndirectObject(813, 0, 5489828528), 3271, 3272, 533, 3273, IndirectObject(814, 0, 5489828528), 3296, 3297, 540, 3298, 3303, 500, 3304, IndirectObject(815, 0, 5489828528), 3317, 3319, 394, 3320, 3321, 291, 3322, IndirectObject(816, 0, 5489828528), 3337, 3338, 928, 3339, IndirectObject(817, 0, 5489828528), 3371, 3372, 0, 3373, IndirectObject(818, 0, 5489828528), 3380, 3381, 354, 3382, IndirectObject(819, 0, 5489828528), 3384, 3392, 1328, 3393, 3397, 0, 3398, 3399, 450, 3400, 3402, 393, 3403, IndirectObject(820, 0, 5489828528), 3404, 3405, 393, 3406, IndirectObject(821, 0, 5489828528), 3407, 3408, 395, 3409, IndirectObject(822, 0, 5489828528), 3415, 3418, 0, 3419, 3428, 393, 3429, 3430, 0, 3431, 3432, 450, 3433, IndirectObject(823, 0, 5489828528), 3437, 3438, 409, 3439, IndirectObject(824, 0, 5489828528), 3440, 3441, 410, 3442, 3443, 454, 3444, IndirectObject(825, 0, 5489828528), 3445, 3451, 0, 3452, IndirectObject(826, 0, 5489828528), 3455, 3458, 487, 3459, 3461, 494, 3462, 3464, 715, 3465, 3467, 559, 3468, 3470, 779, 3471, 3473, 439, 3474, 3476, 586, 3477, 3479, 807, 3480, 3675, 0, 3676, IndirectObject(827, 0, 5489828528), 3677, 3679, 442, 3680, IndirectObject(828, 0, 5489828528), 3681, 3684, 525, 3685, IndirectObject(829, 0, 5489828528), 3686, 3717, 1328, 3718, IndirectObject(830, 0, 5489828528), 3719, 3722, 507]
2025-07-14 20:39:55,783 - WARNING - incorrect startxref pointer(3)
2025-07-14 20:41:09,025 - WARNING - incorrect startxref pointer(3)
2025-07-14 20:41:10,016 - WARNING - incorrect startxref pointer(3)
2025-07-14 20:41:24,594 - WARNING - incorrect startxref pointer(3)
2025-07-14 20:42:02,739 - WARNING - FloatObject (b'0.00-50') invalid; use 0.0 instead
2025-07-14 20:42:02,739 - WARNING - FloatObject (b'0.00-50') invalid; use 0.0 instead
2025-07-14 20:42:02,739 - WARNING - FloatObject (b'0.00-50') invalid; use 0.0 instead
2025-07-14 20:42:02,739 - WARNING - FloatObject (b'0.00-50') invalid; use 0.0 instead
2025-07-14 20:42:27,841 - WARNING - incorrect startxref pointer(3)
2025-07-14 20:42:31,335 - WARNING - incorrect startxref pointer(3)
2025-07-14 20:42:37,630 - WARNING - incorrect startxref pointer(3)
2025-07-14 20:42:42,707 - WARNING - incorrect startxref pointer(3)
2025-07-14 20:43:06,074 - WARNING - Overwriting cache for 0 406
2025-07-14 20:43:06,074 - WARNING - Overwriting cache for 0 406
2025-07-14 20:43:53,525 - INFO - Loaded 6707 CV samples from 236 jobs
2025-07-14 20:43:53,528 - INFO - Stage distribution:
stage
REJECT       5057
SHORTLIST    1234
INTERVIEW     320
ACCEPT         96
Name: count, dtype: int64
2025-07-14 20:43:53,528 - INFO - Preparing features...
2025-07-14 20:44:07,155 - INFO - Feature shape: (6707, 15)
2025-07-14 20:44:07,155 - INFO - Label distribution: [5057 1234  320   96]
2025-07-14 20:44:07,155 - INFO - Starting model training...
2025-07-14 20:44:07,155 - INFO - Minimum samples per class: 96
2025-07-14 20:44:07,158 - INFO - Training set: (5365, 15), Test set: (1342, 15)
2025-07-14 20:44:07,158 - INFO - Training ensemble models...
2025-07-14 20:44:29,378 - INFO - Evaluating models...
2025-07-14 20:44:29,443 - INFO - Classes found in data: [0 1 2 3]
2025-07-14 20:44:29,444 - INFO - Using stage names: ['REJECT', 'SHORTLIST', 'INTERVIEW', 'ACCEPT']
2025-07-14 20:44:29,446 - INFO - 
Classification Report:
2025-07-14 20:44:29,448 - INFO -               precision    recall  f1-score   support

      REJECT       0.77      0.98      0.86      1012
   SHORTLIST       0.52      0.11      0.18       247
   INTERVIEW       0.25      0.02      0.03        64
      ACCEPT       1.00      0.05      0.10        19

    accuracy                           0.76      1342
   macro avg       0.64      0.29      0.29      1342
weighted avg       0.70      0.76      0.69      1342

2025-07-14 20:44:29,626 - INFO - Analyzing feature importance...
2025-07-14 20:44:29,638 - INFO - 
Top 10 Most Important Features:
2025-07-14 20:44:29,638 - INFO - 1. Text Similarity: 0.3313
2025-07-14 20:44:29,638 - INFO - 2. Total Skills: 0.1356
2025-07-14 20:44:29,638 - INFO - 3. Industry Keywords: 0.1207
2025-07-14 20:44:29,638 - INFO - 4. Experience Years: 0.0987
2025-07-14 20:44:29,638 - INFO - 5. Experience Ratio: 0.0986
2025-07-14 20:44:29,638 - INFO - 6. Certifications: 0.0791
2025-07-14 20:44:29,638 - INFO - 7. Achievements: 0.0551
2025-07-14 20:44:29,638 - INFO - 8. Communication Score: 0.0490
2025-07-14 20:44:29,638 - INFO - 9. Languages: 0.0099
2025-07-14 20:44:29,638 - INFO - 10. Location Match: 0.0079
2025-07-14 20:44:29,684 - INFO - Saving results...
2025-07-14 20:44:29,740 - INFO - Results saved successfully!
2025-07-14 20:44:29,740 - INFO - ==================================================
2025-07-14 20:44:29,740 - INFO - Training completed successfully!
2025-07-14 20:44:29,740 - INFO - Overall accuracy: 76.15%
2025-07-14 20:44:29,740 - INFO - ==================================================
