{
  "accuracy": 0.6296296296296297,
  "classification_report": {
    "REJECT": {
      "precision": 0.68,
      "recall": 0.9444444444444444,
      "f1-score": 0.7906976744186046,
      "support": 36.0
    },
    "SHORTLIST": {
      "precision": 0.0,
      "recall": 0.0,
      "f1-score": 0.0,
      "support": 10.0
    },
    "INTERVIEW": {
      "precision": 0.0,
      "recall": 0.0,
      "f1-score": 0.0,
      "support": 6.0
    },
    "ACCEPT": {
      "precision": 0.0,
      "recall": 0.0,
      "f1-score": 0.0,
      "support": 2.0
    },
    "accuracy": 0.6296296296296297,
    "macro avg": {
      "precision": 0.17,
      "recall": 0.2361111111111111,
      "f1-score": 0.19767441860465115,
      "support": 54.0
    },
    "weighted avg": {
      "precision": 0.45333333333333337,
      "recall": 0.6296296296296297,
      "f1-score": 0.5271317829457364,
      "support": 54.0
    }
  },
  "confusion_matrix": [
    [
      34,
      2,
      0,
      0
    ],
    [
      10,
      0,
      0,
      0
    ],
    [
      4,
      2,
      0,
      0
    ],
    [
      2,
      0,
      0,
      0
    ]
  ],
  "training_samples": 216,
  "test_samples": 54,
  "feature_importance": {
    "Text Similarity": 0.23573889855945165,
    "Experience Years": 0.11886815554372318,
    "Experience Ratio": 0.11976558591142665,
    "Meets Experience": 0.009847174188817611,
    "Skill Match Ratio": 0.0,
    "Skill Coverage": 0.0,
    "Total Skills": 0.15000038759955675,
    "Matching Skills": 0.0,
    "Education Level": 0.017323876742918003,
    "Certifications": 0.07715133283810956,
    "Industry Keywords": 0.1395795091686228,
    "Communication Score": 0.07623195705852688,
    "Achievements": 0.04740122416476549,
    "Languages": 0.007933801566568768,
    "Location Match": 0.00015809665751255212
  }
}